patient_id,theta,adherence,region,zone
f8e2b62d-d157-4b50-a89b-d3a16a6e8a15,-1.4253489608701877,0.814950230708573,Ogun,near
40151ba6-8b25-4cab-8d09-d7fb89a5581c,-0.6326942125201124,0.5210945136775987,Ogun,mid
8734546b-8938-4c93-840a-3d2ac330f09f,0.28585315191874305,0.5241556869559706,Oyo,mid
c0bc4a7f-959e-45ef-9928-94cc3c943cd7,0.950756950995372,0.197350024214962,Lagos,near
7e19ac49-86e7-48e2-b27c-573379b12bf3,1.2737979672036042,0.3039690366467422,Lagos,mid
42a76c5d-df8f-4d62-a78e-86c094370f18,0.3720808449048407,0.52535502804156,Ogun,mid
acb8809a-aa43-402f-ae77-2ec42e893228,1.7943357674660545,0.10228267970400573,Lagos,mid
2e84608e-e4f9-4ab3-abed-c1abf90db40e,-1.7247869260953994,0.6434861036990901,Oyo,far
e2ff2609-ca76-4592-825a-371a551da2ef,0.1772225437817981,0.6426681112916911,Lagos,far
01657312-8bf4-4cc7-8f53-c6792975e758,-0.0966816533934121,0.8806568622503238,Ogun,near
c03a1c33-8887-4ace-ae15-f38502732f65,-0.8278767594863011,0.8216856076700408,Ogun,far
1a8ad177-d8dc-4f83-a934-a46291fb0613,-0.8748712382962425,0.768182843332229,Lagos,mid
84cd67b3-29f4-448d-b1d1-35b5514cd7b9,0.24102975876570923,0.6573275738879814,Ogun,near
bf635f97-5584-4f94-a13a-d6431a9c7cca,0.40730846501659385,0.28553123332008684,Ogun,mid
bc1e8227-bc39-4162-8c20-ea8c82a2a2d1,0.4377991401279541,0.26768288572093174,Lagos,mid
a03070c4-77ad-4e97-8727-3abbd30ca42f,-0.06323723867731229,0.4601184193381637,Lagos,near
b6b17bb1-5d9c-460f-80de-7bfcd2ce922c,1.0062610283189735,0.3314458700460489,Lagos,mid
197031ba-dfca-4f61-af32-cb30dc877e7b,-0.43798019777274416,0.3171775581438537,Lagos,near
d55278ed-fb1e-4a1b-9116-b5f628014a34,-0.18093167208021912,0.3827098951297077,Oyo,far
89a55214-8cd2-48b2-a53a-dd6085378efd,-0.6970917602590214,0.8282288047683417,Lagos,near
8c463ec7-74d0-401b-ab96-ea372d06410b,2.5484071961879358,0.09570468075617658,Lagos,far
37aa0e55-28bf-4af7-9ace-d684de6b5f72,-0.20153860922319075,0.41475009428976795,Lagos,mid
9c943843-aed1-4463-a2f7-ddeba6563799,2.314821872074395,0.05,Ogun,mid
7d05720a-d007-493d-9454-a82b980b73ce,-0.14629764274597662,0.6508992314707898,Lagos,mid
54b6facf-ec4f-4b56-b199-1f4c49327b13,0.40383785111684417,0.3360862332948105,Ogun,near
a9955436-0e7b-49fa-abe3-d8f91805d028,-0.06958692363942492,0.36643147391106895,Lagos,near
c41ca486-dbe2-41ee-a981-b4037d879f4a,0.7590903752919963,0.3130191151906371,Oyo,near
6d63ab74-5d08-4680-a74c-bdc1b37dca76,1.6474037836440711,0.18675558618604438,Ogun,mid
1ff53102-f524-4e53-93fb-49e584cb164b,0.4040334482554259,0.42065261544048177,Ogun,far
00b17037-d400-4dff-9015-8b25f6f490f9,-0.7922475704769226,0.4740035518519976,Lagos,mid
f042c1c1-3dde-4647-bddc-aab05986d7b3,-0.21276175074166526,0.41490177143087564,Lagos,near
fe05bf35-3b97-44c6-a7dd-757350f4d983,0.7678640484232193,0.19193735688494235,Lagos,mid
75bfba9d-4dc2-414d-bf30-01153edd908a,-0.6147349038452999,0.44400839646545986,Ogun,near
d5aa1d60-d9c3-4956-b1b1-b8d9e7d7b5f5,1.2450743020385677,0.22905834929696017,Ogun,near
b30d62fc-d861-41ab-b81c-8f5f8d624691,0.15085168094254123,0.5005654861882636,Lagos,near
d09d09b0-c9ec-4723-9a60-c9ab8b291ea6,-0.9441653128068915,0.5847315520930749,Lagos,mid
6911cfaa-23dd-4278-b8f6-8a557e268f32,-0.4876404281882445,0.48293871030220104,Ogun,near
d2543b90-a9c9-4cd4-8244-3ab6223536b5,0.15373073228170503,0.6052236044317713,Lagos,mid
0b23d63c-cf0d-4a35-a0cc-c1877d57eafd,0.7993785460072322,0.23020548166735105,Lagos,near
53c94caa-6c76-405d-b011-fdf88d4425ec,0.22411840444098582,0.5301650206718959,Ogun,near
1735900a-9b6b-4fce-a7f3-ad4fa5671acf,1.4631740998294398,0.17741251569631297,Ogun,mid
169cd9ca-d881-45bc-a78e-c5c031b47fe6,1.159636629235553,0.34170710112553515,Ogun,far
d94b9bdf-7e65-4d84-9b13-235e8e86a0d7,0.2959141881529618,0.3377406568053871,Lagos,near
d2acf484-385b-444c-9ff1-9bd6235e876c,-1.2882620648606675,0.6002723890186129,Ogun,far
10bfb3f5-36f7-444f-b7ab-a6c25971282b,-0.6887991882303967,0.6531609245376502,Ogun,mid
29ea352a-4a1e-4376-afb8-972e8fdecc76,-0.5276294014848385,0.6794592833376766,Ogun,near
84205bf5-8a7d-4ac6-ab4e-963cd366dabc,-0.15418823431804463,0.5681593544249512,Ogun,near
2a3950cf-9c04-4c94-a5e8-ee8e4a41769b,-0.6110422476778822,0.6654420295284753,Ogun,near
097e2669-1214-47f4-a4b7-367068ebcb9f,0.44930624922107115,0.4119616205789987,Ogun,mid
07888b0c-585a-49bb-82e3-e4a98a3465c0,-0.3081172962423667,0.7644607013141936,Lagos,mid
1f3d92df-bd4c-455b-ae16-1c2bbf143724,0.15246483989395293,0.570780837477138,Oyo,far
eedd09c9-d902-4a33-a350-94fd6ed36f43,-1.9327734792407785,0.8284762762907849,Ogun,near
32c5aeac-6fcc-4edc-95ce-1a140b1a29d0,-0.2774855532908607,0.5947469294405225,Ogun,mid
c045e5f5-45c9-4de2-bb3e-e849493b1aac,1.060896758871031,0.3735960992366753,Ogun,mid
5f72d095-3e4c-4e84-8a86-76dc02cbed12,-1.5588826588970168,0.7753127491575301,Ogun,near
962776f3-0dee-457a-bfcc-5b416669541a,-0.6235826933529975,0.653443807504628,Ogun,mid
984bfce1-442f-4ebf-8b83-f13ee16dcc72,-1.1366239554820186,0.7696915267672613,Lagos,mid
0f658961-6275-4a34-bd90-7e758f369210,1.3674556692207243,0.5013946050029287,Ogun,near
61a96335-da59-40a5-aee8-a643dc5fbf24,-2.1148167478089293,0.8240818531929371,Lagos,near
8b793d39-ae70-418d-89a5-2f02decae029,-0.14880763385125428,0.3825083993516323,Ogun,near
38e426f9-49e6-43aa-b097-5128012ba62d,-1.8558411879896375,0.7147524789037867,Oyo,mid
3d2cfb51-a2ab-4517-8a0c-2b24ce043e86,1.3608330794744425,0.3915047752069518,Lagos,mid
aa284adf-058c-433d-8709-fceb3d3a59df,0.8998352691793726,0.3116428448955041,Lagos,far
c57c566a-8d6c-4e24-8164-e7cee334a183,0.9325447256556192,0.322031453408751,Ogun,far
df258bc8-0fb4-4ba1-b4fd-0598b3cba6d1,1.8390123507901122,0.20481342114747536,Ogun,mid
eb2cd807-9074-43f9-889d-1890d1ccf593,-0.3258995799968365,0.5406456379737358,Lagos,near
d4683117-005b-49dc-956f-ea4435a0574c,2.0286855979743232,0.07565399553748917,Lagos,near
8354aad5-e1c3-413c-98c6-85a6d7a9b4cc,0.1942574023604995,0.4223207993238753,Lagos,near
d97c0704-4a90-44b9-a01a-63d9776d5830,-0.6916689080251686,0.7266852115779128,Ogun,near
d3ee20fb-16ed-4484-9a14-3b2b96393502,1.0358357324468863,0.2265771650376945,Lagos,near
33b5ba30-7ed9-4242-8a3b-803dbe13a98d,1.0696110909653755,0.37709924883842727,Ogun,far
6eab271d-0b68-4d89-aa74-3ef5f1fc6099,2.6291564310590836,0.09335310073915637,Ogun,mid
ee292f2c-af5c-475b-b92d-814a586e8b7c,1.164778974852035,0.3509353259801152,Lagos,near
31b8cac3-12f2-4a7a-add1-49070d2a5a3a,-0.5560283243349772,0.29152163986610324,Ogun,mid
fa2f1bd2-3366-4667-a05f-7ced48c4c588,-0.49861302826042936,0.7433672594601712,Oyo,far
14b03848-e362-4931-be7f-5c99ad1acf51,-0.6378238329573166,0.7381267404000138,Ogun,near
ff3db565-8190-4ee3-b865-0cddf9ba8c8e,-0.07658120887317071,0.8531017776597873,Lagos,mid
718fe957-85f7-479f-a27d-32447ddaa748,0.2876701358478639,0.44207149927898454,Ogun,far
a7344a0e-5832-441d-991c-6f3377ac69bd,-0.8304914897917116,0.7454213139407843,Lagos,near
bcb1dfb3-952a-4c04-9830-b380e7c401fb,-0.33102733323097144,0.5348208675252274,Lagos,near
e7ca10e7-94f7-48c0-b661-63eb1b4c232d,0.04865557110766776,0.34501374734642787,Lagos,mid
dc18f7f9-8d88-4e04-8bce-c9c70c0b4a06,-0.8948008720636063,0.4054827662841901,Lagos,far
b456e4e4-5085-452e-8ec4-03e8c5d16f29,0.888842329214851,0.3759975450547307,Ogun,mid
d946cd20-bb4e-4a2a-b5e3-d24231a2b760,-1.066855961399867,0.728177097116462,Lagos,mid
ae31e651-a450-432c-9d20-3aaea8a21ead,0.7906417307139951,0.38899385523427726,Ogun,mid
3e8eb9cb-a10a-4144-814e-69b1c101ae99,-0.6500791476273126,0.42684815248542823,Lagos,near
7ec85339-0e33-4d5a-a098-df1c83ac7a00,-0.5151011641706119,0.7839597848161965,Oyo,mid
fac769b3-c0ba-4c42-8d89-62d75c293d78,1.307440854061343,0.15571606604904112,Ogun,mid
3b7897b7-f9e1-482a-96ad-0e729d644d2e,0.27900750366079474,0.4576958170209204,Lagos,far
b9cb3aba-e6d8-4177-abdf-efbfbdd1fcc4,-0.0995266616825593,0.33946738987799324,Oyo,near
428971ff-8629-40e8-bbc2-90dbb7307ea5,-1.1757559920196317,0.5554514258299835,Lagos,mid
48eda7ae-f6b6-4ab1-9060-c46dea47ecef,0.12040571921377552,0.58084860702994,Ogun,near
6ed169a9-9787-4fbe-a8c2-bb77ab0a51db,-0.9679214193820266,0.5238269985283458,Ogun,near
4ef70b1d-9b57-4ef4-8c07-e497ac7b9ac3,0.8475445630547421,0.25554897427424955,Ogun,near
400a8f51-bb04-44e9-bfa1-5b585443ec62,0.9516753938825887,0.24484063391802788,Lagos,mid
908c41ec-4f2e-43cc-805b-2e04860a4a59,2.217967703083296,0.2732742823777706,Oyo,far
b8225637-e40f-4b86-874e-49f8382a70fa,-0.902641470919335,0.8347028735578426,Ogun,mid
2de4eae0-1b62-4b0a-aaa8-bca128159b03,-0.2056440625710496,0.38707748035629014,Ogun,near
5187bd10-c004-46af-b5bd-d23cfc87a8f7,-0.9088355709748114,0.4776323934645095,Ogun,near
389a76bd-bf97-4432-b03c-d8a4cd733b74,-0.46410645927251615,0.6010372026894221,Ogun,near
0f257fa1-1df6-4807-8a73-612f6b251ce9,-0.018234383967141533,0.6092565742910631,Oyo,far
93698b2e-2807-4a04-adf2-02e2423bff67,0.18246399377804587,0.5115015054323152,Lagos,mid
cd678fbd-e6cd-4019-a6f1-abe9ba5e2d1a,-0.36538614920043094,0.6837395037792721,Ogun,mid
4758f904-0592-419e-9bbf-4fe8494d3740,-1.7517284781756064,0.8705039222167522,Ogun,far
332a1cc3-4d85-4187-9ff8-5f1eade860a3,1.1588591590804331,0.1305297217902177,Lagos,mid
7af21e3c-9f72-4836-a5ff-2ed2ab4adc91,-0.7552551248495457,0.6982162541181356,Ogun,near
c91ecc9c-f176-4f5c-90f9-561c5bc76492,-2.4794232202416486,0.8650967737458294,Ogun,near
52fb208f-9236-4abc-a5af-86e1791db2ca,0.700158909560758,0.3841781124865518,Lagos,mid
8ce72098-cf82-4b5c-b4bb-593ec7d595b0,-0.33541450439617937,0.5402266605426218,Lagos,far
402f1ace-72bc-4d75-8f25-45a5b200b9e5,0.9573288401229622,0.4022145619282941,Oyo,far
1498780b-ebd0-472f-a20f-17e28419eeef,-0.40479776213279633,0.600234361903959,Ogun,mid
a6594ef3-b2de-43a1-880d-736c0f8e74a6,-0.5592849563708637,0.5292919372510839,Ogun,near
a8621829-391c-4ecc-aa5a-36dc877cb654,0.16261244598344554,0.5724967455853873,Lagos,mid
573b4735-c6a0-45d9-adbd-aa2e7af0cf84,-0.5977129314774541,0.5023893646537353,Lagos,near
78840e34-8bc7-4855-a250-54dbfc04c791,1.8486311216744595,0.1355843241464357,Ogun,near
e5985ab6-c2fc-4c54-b53e-8555d7b8b868,-1.6992962615254659,0.8128182354149995,Ogun,mid
21217237-13aa-47ac-a886-38bf8678b2c4,1.3099738292682739,0.158374035767844,Lagos,near
c38e4ca4-0868-4e0c-83d1-9396a5c9dd1a,-0.21997957459697762,0.7136042359697203,Ogun,far
31dac15c-8e3b-4176-bc52-77172f1f0a8a,0.18969863741446605,0.22035413625526004,Lagos,far
7b4613dd-395a-457a-b30d-f87e1d5e7c62,0.2294147070789878,0.30083504079931445,Ogun,mid
a335dc52-28ac-40d4-8fa9-ec161ee121ee,0.5810427476315203,0.48315843618345855,Lagos,near
1e5e8eb7-4634-45aa-b6f4-85e8e46bf874,-0.7715616690953738,0.6741543112625017,Lagos,mid
7008acb6-5e5e-4ba3-a2e3-05b3d37d1834,1.5473266277290343,0.18361743627902283,Oyo,near
c41ed6d9-2ef8-4145-9a4b-4cb4be708c20,0.3561098692872895,0.4907064097682136,Ogun,far
d3ecde19-b99c-4bac-9b46-fd839ff3c4d1,-0.43587822729178344,0.5531904418755486,Lagos,mid
527d222b-38da-414b-8a6c-1ed55750cab3,-0.9184625192792134,0.7218309623629168,Ogun,far
757553a4-2731-4b0f-b3c8-a79e1d93e0c8,-0.2473199018787449,0.4080816026846686,Lagos,near
252948c4-54fb-4845-80ba-4143bf002c23,0.8042612140455536,0.45131700224408067,Lagos,mid
d93b1964-1bef-4d06-8d3d-10a88a385a7a,0.26723731992248406,0.3596917040323984,Ogun,near
db3ec6ae-50b4-452b-8976-327ef4f26430,-0.657231443432265,0.8227858207916476,Ogun,near
504efcf5-594b-45a1-b416-c32cad07070e,-0.5907850777312897,0.4288540528811238,Lagos,far
1a219fdc-3060-49b5-9f18-38d511b86dcc,-0.2903511710966224,0.3672452079103799,Lagos,near
1c4d8ee7-0501-4f33-b817-e35437372adb,0.45224781503766354,0.1610697846900916,Ogun,far
b03e8d55-04c7-49f2-8ee7-8144313f93ab,-1.904402338722679,0.7820457730599532,Oyo,far
f71bca8a-37f6-4e50-bf56-84f37e8312ec,-0.24611488239932008,0.33659900574203494,Ogun,far
9fd72fab-1466-40a5-995e-7dc88af79d5a,-0.4399476046856976,0.7723134898910061,Ogun,near
3405d2fe-ff55-4d4f-9728-08c2bddedb3e,-0.732865590937729,0.5470521177894847,Ogun,far
cd8f98a5-f16c-4436-9eda-3a2afc425239,1.0496093663312782,0.2937851511751982,Ogun,mid
fc2e56b1-de8d-4ea3-989e-236f5b915bbb,-1.3733571358915826,0.8441476601358178,Lagos,near
3db4a4e3-33c5-4701-8477-b9033e984099,0.6468386594578299,0.3817864958165177,Ogun,near
13031624-47e0-4519-95af-f0108a8a07eb,-0.8935346681316296,0.41022421083147426,Lagos,near
914a9964-5711-4318-bdf5-e9cdab76763f,-0.0027221468375108596,0.4667342746184316,Ogun,near
4e8533b0-8289-479a-ab0e-7e73d253122a,1.5367780020900366,0.3869851728028799,Oyo,far
304665d1-af8d-4b1f-87db-c020ace1d71a,-0.11551792219143865,0.2434733902768238,Lagos,mid
40f77a3c-00b1-451c-8e18-9a42b9d7638c,-0.5017251515838839,0.653236511528018,Ogun,mid
51dd2d45-6020-4f0e-b7a6-a039925f3405,-0.5758383399736752,0.6698435920245078,Lagos,mid
764ffbc2-5171-4340-937d-4854eea8b0cf,0.12567647860153391,0.5939676350513895,Oyo,mid
4a994b08-a94e-47db-9e8b-1d9ad1fab2d0,-0.23912059119530008,0.3677737577191544,Lagos,mid
e7e74541-d4b4-4000-a6d2-dc6727622494,0.1928410903535692,0.38597215617341113,Ogun,mid
4fc4e62b-d989-40c0-9b3c-70aa1b6f477c,0.9244442133793628,0.18863132781366382,Ogun,mid
