communication_id,intent,language
21815ca1-cedb-4164-bfb0-c706cb50f220,confirm,ha
1af9ea29-b7ab-4c3e-baf0-e6f666d93668,confirm,yo
d6803a0d-7498-4b2a-b928-8aec834f972c,reschedule,pcm
3f90135c-18c8-4133-a5f4-bbddf2501ee1,confirm,en
53e5858d-64c0-4680-b7a9-ad3ec225a109,wrong_number,yo
5199bb64-9df3-4dfe-a558-528f2c82daf4,symptom_or_medical,ha
781589e2-b4c2-4452-b9e1-d0aff7ff0bad,reschedule,en
641bcb12-00c0-42fc-be3e-c126ba16bfc9,reschedule,pcm
a38fdce0-c965-49ee-afbd-5f7ca30e25c8,symptom_or_medical,en
bc148824-e7c7-4334-ba79-db70974eb955,unknown,en
2596d551-e8ce-4a8a-bda8-89288f1e245a,unknown,pcm
96117be5-452b-48fb-abd5-fd7acdde426a,confirm,pcm
0a7c3912-46bd-45d5-90f3-fc85cb9b6bde,wrong_number,en
fad6b693-bb93-4934-b085-c8d9ed5470df,confirm,ha
caeec98a-e776-45a1-b323-821dd7e3d4c8,unknown,en
19a2fe1b-f939-4724-93da-241403f3fda8,symptom_or_medical,pcm
2396de03-2e3c-4b86-9189-e6d695848a96,confirm,pcm
7ea2ff91-603c-40fc-95a5-d11da4a618f3,confirm,en
f55370bd-ef99-4892-b16c-23a61165bd0f,confirm,en
17e0e971-03ce-473e-8697-0219d32dde34,unknown,en
a42710d8-5afb-42f8-bba1-5a25839ae48e,reschedule,ha
1999e79d-41ba-4cb1-bfe9-fef0ac4817b5,ask_slot,en
b968c242-cf6a-43d9-b9c9-1be14f97533b,wrong_number,en
df704302-eaa8-4cf0-981d-69b5a331ba1f,ask_slot,pcm
6f87cdb4-6870-449c-bda3-2659749a296e,ask_slot,en
511ba411-4d32-4ebc-b7df-54345852b9d6,confirm,yo
e98763b5-92b1-4398-a164-3ec848dff831,unknown,en
9d2bc680-aaa9-440e-9a1e-756b915d79d6,reschedule,ha
fa5b30f3-04cb-40bf-ab60-2625fcef206c,confirm,yo
07ad9973-a564-45be-83f8-4eae18d1ea09,confirm,en
7fb89e8f-c6c2-4fcd-b0c9-341881f0897e,ask_slot,pcm
5fe57d9e-346e-45cd-8068-fa70bd9fff0d,unknown,en
a5c54ebb-0d8e-4131-944d-a997a1d348e8,reschedule,yo
f6f490f9-d2ac-4e36-a2e9-16def68390da,unknown,en
309d04e5-f8d2-4ed6-806c-052659cc5316,symptom_or_medical,en
e2c395a4-e723-4c5c-bd9e-16f4847c116b,wrong_number,en
e207dbf3-3c2c-4a5d-b9c8-f8df0c538dd1,reschedule,en
777cac9f-17b7-442c-84c3-128599cd637b,ask_slot,pcm
d01dc0c3-a3f9-4d0c-bfe1-7ada0d266570,unknown,en
aed3cf6d-1526-401d-9bbb-3c5372d329d9,confirm,en
02808216-7085-4898-9cd9-1937a43565f2,reschedule,pcm
5074cc69-4117-404f-9482-b8ca22032263,wrong_number,pcm
e5579e2f-3d29-459c-b27b-80fd16c84937,reschedule,pcm
e4695227-f7ab-48a6-a4e8-075475de8f84,ask_slot,yo
489a6e36-b8cc-4848-9619-84714a77f5ab,confirm,en
38c065c9-89e3-498f-91da-e875cf81d044,confirm,en
fa453107-aacd-4537-81b0-531d75efedf0,confirm,en
bb6a9232-91cd-4371-8f8a-081bc07cb945,reschedule,en
2628e0f9-6382-4093-94d3-518b7e508398,confirm,pcm
91d9658d-b03f-4dbd-89b3-31bda013dc14,wrong_number,ha
2b364677-2930-4cf7-8d70-36df7cf61cdd,symptom_or_medical,en
d595ec56-1ebd-4ffb-90bf-b3f536f7e44f,reschedule,pcm
b9dd9132-538b-4fd5-b8bc-94e5dd50d52e,confirm,pcm
da981666-59fe-4589-a6b6-419b744823d9,confirm,en
1311db8c-665a-4d9e-8c67-c5f8245846f3,unknown,pcm
08fd7157-3dba-48e3-855e-a6d951ed1275,wrong_number,en
1d51fc7b-d11c-4e18-8965-0ae7fd8a7970,symptom_or_medical,en
a77ff079-b9de-4328-9da6-918a8d6919c6,reschedule,en
06d4845a-43bd-428b-9b0e-4febab6e6c9b,confirm,yo
d9cb810a-f033-4c12-b4dd-ecd5192a2274,confirm,pcm
79b6add4-1eec-462e-98aa-3be637d3e427,symptom_or_medical,en
6bc360f5-8db3-4d37-a0e8-da5db059ff44,reschedule,pcm
97c94cf8-1e8e-4f84-8409-469d25b4128d,confirm,pcm
a1d9aa82-a235-42bb-a408-247379061ca8,confirm,yo
51fa4435-8684-4714-9eb6-e31bc4cd4dd9,confirm,en
40550e81-26f1-46ae-b83d-4e4106bc8f09,symptom_or_medical,en
ad1e7d56-3d29-43c3-af25-c0b6efc9f06f,reschedule,yo
8be22dd4-b16a-441b-88ce-fa7ab894524a,reschedule,en
9f8fea22-063e-4171-84f5-dd7ce3d3dcca,confirm,pcm
2f03635f-0b1a-4d80-bc2a-267201a26cb6,symptom_or_medical,en
34e3cbdb-1da6-41de-b60a-cab9cef4e44b,reschedule,pcm
f9df334b-6895-46fc-8dcd-7c0540944280,confirm,pcm
06126195-2466-4f5f-8e09-ec959bb822eb,ask_slot,yo
c591d333-b0e5-4ab3-8392-9f56cd26d6f1,confirm,yo
f6abcb68-2f9e-4875-9bbb-6a3e26260232,symptom_or_medical,en
2e564d33-0708-4528-9b1b-2b19f5c71f56,wrong_number,ha
b280fdfa-2c7b-42d0-8a8d-832ba94a73db,confirm,pcm
141363f7-13b4-42ab-8ba5-2ce33f86d17d,confirm,en
7d429d49-3ab2-408a-8db1-01034db56718,confirm,pcm
d1c309e0-5c49-4a11-b1a9-6667ed015973,wrong_number,yo
e61fb3fe-d90d-4aeb-9589-3239258f767b,ask_slot,en
479b1edc-4212-4f1d-9a5f-cf57af6ff307,confirm,en
99946529-9ac5-4f23-a46a-7e2e05b41b51,wrong_number,en
96ed45c8-30b5-4b49-b762-97c7bfc189b4,confirm,en
3b3ba095-2e33-4a51-92bb-2e381b3e2118,symptom_or_medical,pcm
738c94a7-0a9d-4a69-bf39-8857dae2ccaa,confirm,en
3dac84e6-668f-4fbc-a957-df4429d7da36,symptom_or_medical,yo
73e0dbd9-9d51-44b9-99f4-fa7f81ef067e,wrong_number,en
9332dc22-6dfb-40c0-ba00-6e8c97a69e36,confirm,pcm
856a32e1-eeb1-4d97-ae16-93f4af071ac2,symptom_or_medical,yo
e10da8b6-2c4a-4b6b-9ea6-197ca387c939,confirm,pcm
21ee910b-cc81-4a6e-86f7-fcb89a3e4200,reschedule,ha
4f6dd9ca-1226-4e3f-9669-5e554f040066,reschedule,pcm
21c920aa-0d97-4449-9620-4f4780a6f6cf,reschedule,yo
d40cb808-939a-45b0-893d-73dfc1271d77,ask_slot,pcm
7521c9fe-d9cb-4da8-b89c-d6bc16059eaf,confirm,ha
ce043e86-f005-43d5-8f47-d6179a18a449,reschedule,pcm
c3953f01-8fc6-4d2e-8b36-6925b46e717b,reschedule,pcm
fec9a2d3-14c3-4039-9ef0-10860a3f082c,confirm,en
72054105-e860-4696-89c6-d0909aee5f00,confirm,pcm
9f896d50-0a48-4fed-b6b7-40af3814ad28,ask_slot,yo
d4c78366-585f-4fda-8d4b-f892f38d4870,confirm,en
4b770552-2ae7-4bca-90b6-5d9dac31926f,reschedule,en
ef5dbf3b-3bc6-4562-ad77-88a02b6e0ca0,confirm,ha
58eeb167-1039-49df-8dcc-cd1d9dae77b1,confirm,en
849807b4-71c8-439e-a2ab-c91c9313a80c,confirm,yo
e19e9a18-f925-4849-ba0d-10a4559dc81a,reschedule,en
dd53ca60-cac0-4349-b36c-164ed7bfecba,reschedule,en
28930c96-ce1f-492d-9b80-62baabe86b4d,ask_slot,en
51afce89-8e9b-443d-b8d5-80197a2c1175,confirm,yo
60a6eeee-828d-4018-8a5a-c0a06543b96a,reschedule,en
b2f0d3cb-3d03-439e-ac89-66a2c1b10a85,confirm,en
cb5eadf0-e743-486a-8636-1af386d0cd2a,reschedule,yo
1a3f03e1-d99c-4b46-8837-60e2f051c1d1,reschedule,ha
93b9886a-a273-427d-8345-77cef32ba7e2,wrong_number,pcm
798b3870-887a-4f2f-9b68-7e8f93518144,confirm,pcm
899aa59d-2a95-476b-bb38-f1cb4d2506e7,symptom_or_medical,en
9c7731d7-6147-4155-8093-20413d30ba78,symptom_or_medical,en
c8880106-5c94-4d76-9265-ff582bd3623e,confirm,pcm
38e84214-2059-4d68-8b3f-81962aa34c77,symptom_or_medical,pcm
c9c7b8f1-626b-4fb7-8e8f-42b599289afd,confirm,ha
5a0d413b-ff69-4811-a998-c785ec8baa5f,confirm,ha
44527b4e-51d4-45d6-8847-34c9c61395e9,symptom_or_medical,pcm
a9f20b72-4b7c-4e83-982e-02639792cbdb,reschedule,ha
4dc02b79-6b9d-4a1a-a590-e80c61688f24,confirm,yo
47dfaebe-54b6-4c7b-8b61-a88404faee0f,ask_slot,pcm
5b22d6b6-345b-4dbf-ab3b-1241b4ab3147,symptom_or_medical,yo
67e5ed4b-2a83-47f4-97a2-a654976627f9,confirm,ha
6232da4b-1ba8-4c60-8eb3-0b22479910ca,stop,ha
73f120b2-428f-4b04-95e4-2d7ce2ce34d5,reschedule,en
79ef8e76-792a-4411-8088-6c65ac7e5f89,confirm,pcm
949e9062-41da-44d8-85a0-419c0b094c29,ask_slot,en
160c5de8-e2e1-4ad1-abb5-88744fafab70,confirm,en
9d6d2626-95ab-4ea9-b7fe-0b70a6715e06,reschedule,pcm
bc312377-e767-42ed-962f-787d81d0f98a,symptom_or_medical,en
ebbc080a-ff5c-4fea-9456-d3897b51dc95,unknown,pcm
336e90f2-d9c5-4351-a561-4e998ae1765b,confirm,pcm
d939376d-2602-4999-ab0d-1689daf5a1cb,unknown,en
c3be36db-8c22-4deb-8502-139569ac6bef,confirm,ha
649354a9-730a-4848-956a-b2f3c6b772f4,reschedule,en
2f922296-b959-4a47-9997-46ed918e1568,stop,en
8bfc9202-386b-4ac7-a608-e787282ce95f,reschedule,en
8c8a7089-6876-42f3-9bb3-613b85a858e0,symptom_or_medical,pcm
29162b21-80bd-4692-ad42-2d25f52d2837,confirm,ha
004ae502-5c9d-49d8-9adc-48eb4a7e8a1f,reschedule,en
0721ccc9-3a1a-4a5e-9d2c-f878342b86b0,unknown,en
dca63835-a59b-4104-9a5f-de07df3f1625,ask_slot,ha
49a2f9e3-3e19-493f-975f-302511692c50,reschedule,en
589b7fc8-402c-422a-aeab-4aedb814a516,confirm,pcm
3de2af43-0627-4d96-b96f-28caded59e6e,reschedule,en
4a2b213d-d830-4d12-8534-b9c45df9bf10,ask_slot,en
c14de928-ecb0-471c-a3e8-efb40ee78402,symptom_or_medical,en
4e84f29e-5fa2-4907-806f-3d2e365e1032,confirm,en
09b53fb3-328d-47ee-95ce-de4cf048c016,confirm,en
497d6ba4-7e3a-4e2f-91ac-0af59d3b010e,ask_slot,pcm
3e63ef13-b615-4781-bcd3-b3d8e7158c0c,ask_slot,pcm
99d0a332-6536-4baf-9f89-3ef0edde16d8,ask_slot,ha
d573497e-d5bb-435b-8736-b948e567392b,symptom_or_medical,en
80020677-407b-4183-9d76-a1af7f6d4708,confirm,pcm
8e5dc97b-ab66-45e9-bc27-d42016df2348,reschedule,en
5f0099ab-abb7-4562-b150-bf8c486a1f1b,ask_slot,en
b413d3d8-1dfa-4f12-8d84-d76e4668cb22,confirm,ha
71836dad-25ca-4240-b5a4-c48b08931361,symptom_or_medical,en
4da3f86f-60a8-40fb-823a-752e17bc718e,confirm,en
cbaa7420-dbf8-4463-9a6d-9090babb5b7a,unknown,en
868cb800-6ff3-4b7f-9d80-433c02f66173,reschedule,pcm
c750527f-b09a-4bbd-a2cc-ce994c669980,reschedule,en
58304b65-2ef3-459b-88d4-ba19ac9728ba,symptom_or_medical,pcm
21f25ded-5abb-47e1-8b63-41eddefcd315,unknown,pcm
87beb399-4918-434f-9c87-4e202904915b,confirm,pcm
fd0e8c21-0e86-482b-96d0-750195093c03,confirm,ha
8aa41afc-8dbe-4a12-abc9-37f5c91d3408,reschedule,en
df62e205-8f77-43da-b4eb-e348cb79a6c4,ask_slot,pcm
4d79bb9f-7f73-4825-a1fe-e46b136cf1bb,stop,pcm
7adba6a2-76ba-4bdd-8aba-87dfbb8c0193,unknown,en
28aa283b-900a-4416-8bd9-9a8a0fda97a9,ask_slot,pcm
b6753260-d646-46b2-82c3-9c63a382370d,confirm,en
d393344d-429a-45a9-a1f2-546fba0d6ffb,reschedule,pcm
15d1fcad-de6b-4bdd-adec-f589c0a80ed2,confirm,yo
5849638b-4282-4ecc-8b58-81814d26ecc8,wrong_number,en
4beb7b40-42d3-4b6a-8b6a-f1a5fd002165,symptom_or_medical,en
b3743ffb-37f4-4673-b836-de0ca1adfe2d,confirm,yo
9a0ba2e3-c3db-4ee8-a71a-780bcaa63a3b,ask_slot,pcm
2996caa6-e402-4cd0-a3ad-30c5b50db022,reschedule,en
311d6d13-8f3e-4414-a508-38c586d09132,confirm,ha
4120cd34-f28f-4835-86db-6b9d50549475,stop,pcm
845fe0ad-d049-45d8-81c0-30cbe31843c5,confirm,en
396b24b2-0307-43df-bf58-8e44fdefb450,confirm,en
540a3284-35c4-4ddf-8378-d42f9c187beb,confirm,ha
e836be42-2c4f-4525-99e9-8f673a44ee00,confirm,pcm
cf60e14e-7b35-4231-8148-34e8537fc3c6,symptom_or_medical,en
8caacdc4-8bef-4591-af3e-8ab7db6e4697,symptom_or_medical,ha
77ae072d-8e35-4190-b2db-690e3484c4cc,unknown,en
6dcea078-7c2f-4b71-ab4c-d909e438e6e8,confirm,en
8d8df097-0724-4ec9-a50b-569192b03487,reschedule,pcm
7c3ca368-4998-4527-b0ba-e349b5f338f3,ask_slot,en
02297f55-8b70-4aac-b757-83194f1b69cc,reschedule,ha
aa4b541b-fb97-43c6-b939-e6363d7373a0,confirm,pcm
f449e3d9-66a4-4995-ad65-7f2895d784ed,symptom_or_medical,en
7c2db97d-4d37-45fc-9a02-00c5a1db759c,wrong_number,en
5b337130-d615-4276-a6f4-e8b2f03295ab,confirm,en
699630d1-387b-43ef-b4c3-1f0c807ac7e9,confirm,en
8de39547-8c90-4dbc-a014-62c4bfd31ba8,wrong_number,pcm
53930130-080e-45be-9a04-9c24aab7d61f,symptom_or_medical,yo
906e4e09-7813-4ee7-9b2f-b0211cf785c5,confirm,pcm
8a563fb7-8734-4eaf-adce-ea1027058516,stop,ha
1ab86a9f-d325-4fb6-8509-8934c3763ea2,confirm,pcm
8ef2bc26-0d43-4b07-94c5-d32a508cec1e,confirm,pcm
935ad8ee-6822-44bc-804c-5a40e4daebd3,reschedule,pcm
2f13e98f-d0d3-415b-872f-cc5ec2d1e602,ask_slot,pcm
68dad7da-59f4-45b2-9eaa-f27a27c93c02,confirm,pcm
97aebf63-6a2d-4594-acbf-208b913b62bf,wrong_number,en
759ac510-4d21-4be7-af3c-d2426207d279,reschedule,en
5bbe87d4-c706-47a5-a2fa-dc5c00e008db,confirm,ha
0323897f-264a-478b-98ab-1cadd5f3970f,wrong_number,ha
b69abc53-4dd9-4d69-8fcb-cd76b5620fe7,unknown,en
285c7bee-2cb3-4659-896a-b6ec8c8a548e,confirm,pcm
d731dfca-42a1-4d86-91aa-df1a1c58b9e9,reschedule,pcm
12f5e74a-b499-46f1-8164-0d25b6c14bce,confirm,pcm
be881b1c-96ec-448d-b50c-c0eeb4592f31,confirm,pcm
1e460af6-31a4-4cf8-a143-d5f59b261b93,confirm,en
71d1698f-56df-419a-b4fa-e9cb4fab6fab,wrong_number,en
9f142c34-2171-4760-a556-49a13cd1eb19,confirm,ha
2e0b6b89-07da-4c59-809a-9c62527a4fae,ask_slot,en
4d1e4d7a-fd40-4d82-86a7-383f29b553f4,reschedule,yo
2f3f0049-bce3-4801-8bc6-a67f0b287b3d,unknown,en
bec470fc-d196-4ea6-b8a9-3926da889d9e,confirm,ha
bfd0b6bd-2374-4af4-bd78-dae5cb1e0e12,stop,yo
00329ac2-c596-4e6d-9ad3-063e58b2f108,confirm,pcm
67343dca-beb0-4aed-92ce-ad79fe92125d,ask_slot,ha
e83e2b86-c944-48ab-9a15-eea6f2e12b8e,reschedule,pcm
254f9199-6ae3-418a-a50b-3a67aad4e2f8,reschedule,ha
d2822b04-5e1b-4432-a346-8720f25e25b7,wrong_number,ha
e0baab71-50d2-4589-8c0b-b2bd5090f004,stop,pcm
e411fb07-4769-46fd-92d1-c028cf9ac617,reschedule,en
5e070969-65eb-4b3b-afa6-8ab8e875ac9f,confirm,pcm
e1f78a5d-d61d-4e74-83f4-f99ba1f25c4a,confirm,en
0769ac6c-6ce7-4452-a1aa-4a6ddab958c5,confirm,yo
73df09c3-42b6-4056-a859-5b4678a58e98,confirm,pcm
