id,patient_id,street_address,village_or_colony,district,zone,state,country,created_at
75e0282c-2e27-49b2-8896-04c646baf020,f8e2b62d-d157-4b50-a89b-d3a16a6e8a15,16 Igwe Street,Ogba,Abeokuta South,near,Ogun,Nigeria,2026-02-21 15:32:00
66ab0733-edaa-4644-b96f-be23fbe57d48,40151ba6-8b25-4cab-8d09-d7fb89a5581c,49 Salami Street,Imota,Agege,mid,Ogun,Nigeria,2026-04-30 11:03:00
fdda490c-f768-43ca-9320-35f83c7ee3ac,8734546b-8938-4c93-840a-3d2ac330f09f,102 Lawal Street,Ibafo,Sagamu,mid,Oyo,Nigeria,2026-04-05 13:21:00
564c4c19-0ec0-4e1c-b909-b8451ae5ac6f,c0bc4a7f-959e-45ef-9928-94cc3c943cd7,30 Salami Street,Ogba,Agege,near,Lagos,Nigeria,2025-08-15 08:22:00
81721857-628e-4920-b485-12890e54a078,7e19ac49-86e7-48e2-b27c-573379b12bf3,50 Okonkwo Street,Oke-Odo,Agege,mid,Lagos,Nigeria,2026-06-30 10:11:00
6f6c86ba-45bc-48e7-b267-fa796a494188,42a76c5d-df8f-4d62-a78e-86c094370f18,44 Adeyemi Street,Ogijo,Abeokuta South,mid,Ogun,Nigeria,2026-01-23 10:02:00
098e0b23-e753-4de2-8cfc-39a0b6f96aee,acb8809a-aa43-402f-ae77-2ec42e893228,33 Balogun Street,Panseke,Ikorodu,mid,Lagos,Nigeria,2025-07-17 15:16:00
43ba89f9-3de0-460f-8eb7-7eda705bfcb1,2e84608e-e4f9-4ab3-abed-c1abf90db40e,18 Danjuma Street,Oke-Odo,Sagamu,far,Oyo,Nigeria,2026-07-18 12:10:00
432d97d7-f76c-4f5b-a64e-d56136c2b67e,e2ff2609-ca76-4592-825a-371a551da2ef,57 Garba Street,Ikenne,Ikorodu,far,Lagos,Nigeria,2025-07-16 08:04:00
678b3f01-bc7f-4298-91ea-f24c9f1f545d,01657312-8bf4-4cc7-8f53-c6792975e758,91 Uche Street,Ogijo,Ijebu Ode,near,Ogun,Nigeria,2026-02-03 09:15:00
eceaa268-9fc6-472f-be43-0449b21c31ab,c03a1c33-8887-4ace-ae15-f38502732f65,21 Bello Street,Ibafo,Sagamu,far,Ogun,Nigeria,2025-10-25 11:22:00
7bf01dd8-b068-4f1b-9204-3cbac8f6a0ba,b31efa01-66d2-4a02-80ab-5ebfe5d9402b,95 Onyeka Street,Imota,Sagamu,mid,Ogun,Nigeria,2025-04-20 10:12:00
fab0794d-c09b-4fdf-9cdd-0a4aab58d621,03f47352-6e4e-48f7-8e4b-d41332fddb79,33 Garba Street,Kuto,Agege,mid,Lagos,Nigeria,2025-01-28 13:30:00
e0bd4bd1-690c-4711-a1ea-0f91903fcb64,eddb68f1-5584-4f94-a13a-d6431a9c7cca,20 Akinyemi Street,Ibafo,Ijebu Ode,mid,Ogun,Nigeria,2024-12-02 08:20:00
daa55aa8-e418-43f1-9cb8-daef292096dd,45edd6bc-2f9b-48e6-bc71-cd217115c2e7,11 Obi Street,Kuto,Ijebu Ode,mid,Lagos,Nigeria,2024-10-26 15:06:00
f58f8f0d-99c2-4c99-b329-bcbc63c715ce,1e1f5e18-3358-4b57-a2cb-a56888a00431,8 Oladipo Street,Ijebu-Igbo,Abeokuta South,near,Ogun,Nigeria,2025-06-19 14:42:00
566e6c94-bab2-4753-bd1c-88b8786a6aa0,49d11f73-55df-4624-9dcf-8e561d93283c,110 Nwachukwu Street,Mowe,Ikorodu,mid,Oyo,Nigeria,2025-08-01 14:00:00
d47663d4-7c2c-46a6-95a0-fb8620693be4,190104de-0ba5-4397-9f72-f60753ec5d7c,77 Akinyemi Street,Ibafo,Sagamu,near,Ogun,Nigeria,2025-04-30 13:12:00
16fe9337-cc53-4145-bac0-1788f48c607e,0e778d8b-756f-4296-8e08-f37a9fddb388,11 Suleiman Street,Panseke,Abeokuta South,near,Lagos,Nigeria,2025-01-12 09:58:00
4fc44e48-5607-4e56-857c-abe61abd28a7,ff7786fb-eaee-4619-9b9d-8d88f1f02580,2 Okonkwo Street,Ipaja,Abeokuta South,mid,Ogun,Nigeria,2026-02-17 09:30:00
3280d38e-e6c6-458f-b13b-b70109155cc0,e5529671-98ba-4743-92aa-8f2cdc13f5fa,38 Okonkwo Street,Panseke,Abeokuta South,mid,Ogun,Nigeria,2025-10-18 15:37:00
1f36dc48-9914-430e-a3b6-7c44b690088b,5e8cc60b-b43c-4e17-9636-3f22a40d6c85,106 Igwe Street,Mowe,Ikorodu,mid,Ogun,Nigeria,2026-07-24 08:15:00
a6e3f118-9942-4482-a48c-eefef171bcf2,b630b481-8e86-46c4-a77c-3729121d9a9f,94 Okeke Street,Ikenne,Ikorodu,mid,Lagos,Nigeria,2024-09-29 09:37:00
b7b3a960-f16c-415c-b2ba-7ad11aa12213,660c98da-86e3-4aea-9e53-12e4b86827e0,80 Oladipo Street,Ijebu-Igbo,Abeokuta South,far,Ogun,Nigeria,2025-04-17 14:26:00
d6a96b8e-d69a-4082-a7dc-2fbbf92f3f59,ba45212a-b08c-4297-8890-d01f9c4b005a,88 Ogunleye Street,Ipaja,Agege,mid,Lagos,Nigeria,2025-01-08 08:08:00
a4f29952-f042-41c1-bdde-16473ddcaab0,d1e2aae3-588e-4652-917d-0b1f71c1ac6f,84 Olawale Street,Ogijo,Ikorodu,far,Lagos,Nigeria,2025-11-16 14:50:00
a9469e33-4197-4e86-bf51-26bb11c02b64,81aaf692-ab75-43c4-b084-2b60ef1afaaf,104 Nwosu Street,Imota,Ikorodu,mid,Lagos,Nigeria,2025-04-27 11:52:00
e5e7ab78-f1bb-4edb-a66e-a5a78e062e37,0fd362ad-a3f3-4a3f-b444-fad3eaabfe3d,74 Danjuma Street,Ikenne,Ikorodu,far,Ogun,Nigeria,2025-12-02 10:43:00
dbc2884e-dd24-4797-ac7b-e469870e6104,c028c0c7-454f-4ced-90db-649ee107f187,65 Eze Street,Ijede,Ijebu Ode,near,Ogun,Nigeria,2025-05-06 08:03:00
7f91dff5-4dfb-45ee-8bb6-26b1746aaf6a,685a1226-8c12-4bcd-be1a-c48d4de34785,118 Salami Street,Ogba,Agege,mid,Oyo,Nigeria,2024-10-28 09:07:00
97aa33bf-3722-421f-aa05-d460f760cff3,4ce43022-54cb-4821-bbe7-25d31133b546,54 Yakubu Street,Imota,Ikorodu,near,Lagos,Nigeria,2026-05-16 13:34:00
99559596-9241-4384-aad4-f465edd2daa5,47089c1a-b2d5-4e4b-889f-d9e3cdfe3438,62 Yakubu Street,Ijebu-Igbo,Abeokuta South,far,Oyo,Nigeria,2026-07-09 15:28:00
ee61439e-7c39-4980-a2d1-15cbe83533e8,b111e260-f948-4f43-b760-2a3e8e2f9ae1,75 Yakubu Street,Oke-Odo,Sagamu,far,Oyo,Nigeria,2025-03-13 14:07:00
43b98579-5f84-4a9f-a9c3-9916a88454ee,29946e98-3bdf-4d1c-9349-4bdce1176771,108 Yakubu Street,Ogba,Abeokuta South,mid,Lagos,Nigeria,2024-09-23 10:38:00
8f7b8223-b400-4399-a358-a0dcf04e5a7b,f67f7a0f-a717-4895-a676-2c8eb8e1f664,12 Balogun Street,Ogba,Ijebu Ode,far,Ogun,Nigeria,2025-01-12 08:50:00
9c780e72-85a1-4d7a-9ef5-7daf0d216493,7dbc8658-6649-4104-85b6-99076373c2fb,50 Ibrahim Street,Ijebu-Igbo,Ikorodu,mid,Lagos,Nigeria,2025-08-09 11:42:00
2aa2b53e-b7a7-4d5a-946d-3d79c8e02e01,c39123e0-87c5-4428-9d5f-d0bb19bb0c30,105 Chukwu Street,Oke-Odo,Abeokuta South,near,Ogun,Nigeria,2025-07-04 08:39:00
7bc3f7bd-3569-4604-9619-f51c19b80903,c6b1e3b8-bac6-4037-b530-a771fdf169b9,92 Ibrahim Street,Kuto,Agege,mid,Lagos,Nigeria,2026-02-25 12:27:00
cfd76dcf-eff1-41f2-ae00-43b83ad61bf1,5bb6e67a-8845-4fbb-8fa6-e514788f9844,84 Nwosu Street,Imota,Ijebu Ode,mid,Ogun,Nigeria,2026-04-30 13:08:00
756ed836-1d73-4aa8-8ff4-d30852168811,6a4a575f-b72d-46b3-a4fd-fd070951c9f3,29 Okonkwo Street,Imota,Agege,near,Lagos,Nigeria,2024-11-20 12:09:00
60bd84af-ffbd-4907-a173-eb081b77d6b1,4a1ec376-6fb8-472e-8fde-cc767779c9c5,58 Adebayo Street,Ikenne,Agege,near,Lagos,Nigeria,2025-10-01 10:16:00
df7af151-6ed7-410b-a495-78c6a035737d,84205bf5-8a7d-4ac6-ab4e-963cd366dabc,63 Garba Street,Ibafo,Abeokuta South,near,Ogun,Nigeria,2026-06-29 15:09:00
d6ea1ada-22a6-4445-817f-cb1e43a8de66,2a3950cf-9c04-4c94-a5e8-ee8e4a41769b,19 Okonkwo Street,Ogijo,Abeokuta South,near,Ogun,Nigeria,2026-06-28 08:26:00
a832bf2a-da8c-4742-abd3-5c6b3eaa6565,097e2669-1214-47f4-a4b7-367068ebcb9f,65 Ibrahim Street,Ikenne,Abeokuta South,mid,Ogun,Nigeria,2026-02-19 13:26:00
9a481adc-81ea-4607-80ff-49ade1b3c0af,07888b0c-585a-49bb-82e3-e4a98a3465c0,37 Okafor Street,Ogijo,Ikorodu,mid,Lagos,Nigeria,2024-09-07 15:07:00
9f6f2615-6364-487b-80fe-d1825bada83e,1f3d92df-bd4c-455b-ae16-1c2bbf143724,111 Lawal Street,Ogijo,Abeokuta South,far,Oyo,Nigeria,2025-06-18 11:48:00
5f784a05-bb82-4398-b841-695004d5c3fd,eedd09c9-d902-4a33-a350-94fd6ed36f43,95 Okonkwo Street,Mowe,Agege,near,Ogun,Nigeria,2025-01-26 09:46:00
d96e12c6-e770-475a-b738-6d5af7dd6d18,32c5aeac-6fcc-4edc-95ce-1a140b1a29d0,59 Igwe Street,Panseke,Sagamu,mid,Ogun,Nigeria,2024-09-09 10:29:00
d0717cde-1fef-4d28-bded-12617b5052dd,c045e5f5-45c9-4de2-bb3e-e849493b1aac,80 Afolabi Street,Ogba,Ijebu Ode,mid,Ogun,Nigeria,2024-11-17 14:44:00
087dc544-32b9-4f86-a5dc-dd13a963f78f,86c103c7-fa93-4fbc-bb51-a3a38ce56dcb,110 Igwe Street,Ibafo,Abeokuta South,mid,Ogun,Nigeria,2025-06-02 13:17:00
e1e3fa1a-2101-454e-ae0a-d2238c983723,f569792c-986b-43cc-bfde-c7c3af3abc45,53 Balogun Street,Oke-Odo,Agege,near,Lagos,Nigeria,2025-08-13 11:37:00
94f822ca-9f34-4ac8-b8dd-3c0b872ed9f0,1c6eec47-1dab-4137-93f7-a7795ced710b,51 Danjuma Street,Oke-Odo,Ijebu Ode,mid,Ogun,Nigeria,2026-08-06 14:55:00
25c5789e-f021-47ec-bb48-cb532fc82309,f6885a65-9e45-40fa-939e-d9b990179336,53 Oladipo Street,Ogba,Ijebu Ode,mid,Ogun,Nigeria,2026-08-13 09:15:00
10e824d1-c85c-4d32-ae65-70c1bc3fa9fb,7c0be68b-b811-4e9f-b82e-0a18f5642588,87 Adeyemi Street,Ijede,Abeokuta South,far,Ogun,Nigeria,2026-04-01 10:58:00
f503b0fb-99d4-42fd-822a-a03c08707c8b,36a4e102-2aab-4338-aa5b-328dbe03bdfe,23 Adebayo Street,Ijede,Ijebu Ode,far,Ogun,Nigeria,2024-10-03 10:19:00
ba9680ac-9e1c-44dd-a40f-d46c99ef6ea6,16e33280-51ab-4491-a51d-8a019903f867,40 Yakubu Street,Imota,Ijebu Ode,mid,Ogun,Nigeria,2026-03-02 09:36:00
287c2b79-1c7d-4cde-ba35-45cf81e850c4,db18b64f-af66-4380-af94-00c4d382507a,48 Balogun Street,Panseke,Ikorodu,mid,Lagos,Nigeria,2024-11-21 13:46:00
4b454091-96e5-4b1a-a973-05b2022ca9d4,6dc78665-8779-49fa-8165-97f046db29da,36 Umar Street,Ogijo,Ikorodu,mid,Lagos,Nigeria,2025-09-13 14:51:00
1843124b-e9e6-457a-9739-f0c231bb573a,4b96a8ef-cff9-47de-8c75-34656f0223cd,110 Adeyemi Street,Ogijo,Ikorodu,near,Lagos,Nigeria,2026-05-02 14:32:00
d836537f-6b95-4dad-a323-bba6ad971c13,1022e139-b14b-4027-bddf-f3b04289a9ba,106 Eze Street,Ipaja,Abeokuta South,mid,Ogun,Nigeria,2025-06-08 14:11:00
9abc0669-85b7-4e18-8a76-ae6659dddb80,a1ce95ba-5882-4230-9f23-d39f31b6a879,118 Mohammed Street,Ogijo,Ikorodu,mid,Lagos,Nigeria,2024-12-25 09:46:00
fda9383c-2091-4acb-96ed-ee37e392a1b8,fdbe6cc1-ac17-4be9-82b8-2cf4dcc7f922,14 Afolabi Street,Ikenne,Abeokuta South,mid,Ogun,Nigeria,2026-06-14 12:33:00
f4749dcb-70a2-4166-aad4-01139655fd2b,23333f75-45b0-49a6-bbfc-c2007aceb1d2,43 Okonkwo Street,Ogijo,Sagamu,far,Ogun,Nigeria,2025-01-02 12:41:00
74864a02-402a-4959-b3ed-3e9185db9785,72ab4d9c-1198-4df9-b08f-5c48c77be37d,42 Yakubu Street,Panseke,Agege,mid,Lagos,Nigeria,2025-01-21 12:26:00
8d0a2ae7-5d22-4105-98f2-84c6cdde773f,7f90f51c-c8a0-43e2-b5d3-ec063ab396c5,36 Afolabi Street,Ikenne,Abeokuta South,mid,Ogun,Nigeria,2026-03-20 08:10:00
172d4413-811b-476b-b815-0b48d9fa67bd,62cf1978-d10c-4e43-b5ad-468f64817241,41 Yusuf Street,Ibafo,Abeokuta South,near,Ogun,Nigeria,2025-08-11 14:40:00
d15e1733-482d-4299-bf44-c4c4b8f38e39,00984c31-3803-4d00-8888-19baa96212d5,92 Mohammed Street,Imota,Agege,far,Oyo,Nigeria,2026-02-01 14:08:00
1d49a8ef-7e6c-42c0-b2ab-0996787f52ad,dbd8996b-c9ab-4d8e-9be4-d81cb1696378,113 Yusuf Street,Ogijo,Ijebu Ode,near,Ogun,Nigeria,2026-06-28 13:10:00
d52fe55b-366f-4dce-b14f-4591ea44d46d,221059a4-9f29-44d9-882d-90e73097605e,104 Obi Street,Ijede,Abeokuta South,far,Ogun,Nigeria,2026-02-27 13:11:00
1134d6d4-4069-4af2-b526-2e1dca9106b4,be13a98d-40b0-4470-b20b-6d5b9545d379,49 Chukwu Street,Ibafo,Agege,near,Oyo,Nigeria,2026-05-23 14:10:00
5b26ab1c-c142-4c34-a6b9-3781b99fa8e2,9a470b20-2c7c-4bdc-a9a2-20a04c70dd81,16 Olawale Street,Imota,Ijebu Ode,near,Ogun,Nigeria,2026-08-16 12:53:00
8fa5edb8-b526-453e-9b7e-ec64a73934f4,a9b32c82-3b4c-404f-a634-bef308b5364e,88 Nwosu Street,Panseke,Agege,far,Ogun,Nigeria,2024-11-05 13:07:00
878c6d71-7ce0-45a5-bc38-e6ef63d5d105,8b9236d7-608b-4488-a804-43b67ade6611,15 Olawale Street,Imota,Ikorodu,near,Lagos,Nigeria,2025-01-30 13:19:00
ba2b1c86-cb1e-4ca3-a962-155546302857,b98987ef-220d-44c1-9d17-ddaa5b979bc3,2 Okonkwo Street,Imota,Ikorodu,near,Ogun,Nigeria,2025-07-16 14:28:00
181be757-3772-43cb-b434-7b6057ae6171,ab899c2a-eec2-48c5-947b-ec87a2856753,116 Ibrahim Street,Panseke,Ikorodu,near,Lagos,Nigeria,2026-02-09 11:49:00
3b6f53ae-0e9f-4e64-99c1-934725395337,68239fc8-f6e3-4a03-abbd-c417cf2adc41,33 Onyeka Street,Oke-Odo,Abeokuta South,near,Ogun,Nigeria,2025-05-05 08:15:00
08543abf-7cdb-4878-8599-bcc97382e1d4,bbee3117-ff04-4fa3-903d-07c7a88bc65f,101 Ogunleye Street,Ijede,Agege,near,Lagos,Nigeria,2025-07-12 09:00:00
6df45357-fa7b-4962-b816-cba7bcd88986,c9e0f882-d57f-4ce9-9f3d-fa3b668c0761,58 Okafor Street,Ijede,Abeokuta South,far,Ogun,Nigeria,2025-01-19 13:15:00
834d8c44-5698-42a9-ae67-615ee8d06824,6788b654-fb4d-4b98-b043-f65f8f4c6ed5,53 Lawal Street,Mowe,Ikorodu,far,Ogun,Nigeria,2026-05-25 10:41:00
02c47780-3b0b-4e0b-9566-8482037de18e,fd202383-5024-46d5-9f1d-0a4507ea53bc,118 Mohammed Street,Mowe,Ikorodu,mid,Lagos,Nigeria,2026-06-22 09:51:00
b8ede75f-0726-4573-8283-210d651910e9,79e759b4-5b4e-483e-a181-9ce30a07f815,72 Nwachukwu Street,Mowe,Abeokuta South,mid,Ogun,Nigeria,2026-03-06 11:45:00
3a1dce96-7b2d-48d5-a707-f58b66039067,656a87ea-e4a4-4c2a-b68e-21ae4fb9c950,95 Ibrahim Street,Ikenne,Ijebu Ode,mid,Ogun,Nigeria,2025-06-22 12:46:00
5b1f9af0-4957-4a3a-b5fc-b090435a7d5e,5c2e6905-2abb-4ff4-8200-eacd542a075c,17 Olawale Street,Kuto,Sagamu,near,Lagos,Nigeria,2025-02-15 13:36:00
c770af4d-c937-4caf-a6c0-907cbfcd1d84,c8d8b108-1da8-44be-be1f-d5d8791c2f27,89 Mohammed Street,Ogba,Abeokuta South,near,Ogun,Nigeria,2025-12-03 13:43:00
39cfd8ab-b226-451d-8cb9-67c70fdbd8be,07bb4520-497b-4e86-8968-a917fd122a64,103 Chukwu Street,Ipaja,Agege,near,Lagos,Nigeria,2024-11-14 09:35:00
e461c58e-9ad1-44fa-b2eb-be7a3c431e6d,031f840a-269d-4a26-b309-3a5012bb9427,74 Bello Street,Ibafo,Agege,mid,Lagos,Nigeria,2026-04-01 11:58:00
4196cfff-92ea-43ec-9174-5fc4bb5185a3,589e9ec7-d3ae-4ff9-b4a9-d267de3472bc,32 Ogunleye Street,Panseke,Ijebu Ode,mid,Ogun,Nigeria,2025-08-10 12:29:00
8b1e0dd3-05b2-4553-ae37-860e2bce96a6,78263746-34bf-4880-9fb3-5b5d848cb93b,18 Garba Street,Ijebu-Igbo,Abeokuta South,near,Ogun,Nigeria,2025-12-06 12:41:00
fa844e96-f575-4dad-9eb9-4b514744405b,63d04fee-ffc8-4f4b-8c3d-6db2260905d3,33 Chukwu Street,Ijebu-Igbo,Agege,near,Lagos,Nigeria,2025-09-25 14:24:00
ecf918fe-eddf-41b1-b0ba-f086968fe603,2fda0b20-422c-40ab-8293-2cad5cdb996f,51 Obi Street,Ikenne,Agege,far,Lagos,Nigeria,2026-04-30 10:06:00
b327951e-e83a-4a0c-b1d7-d7e5861b5d3c,6f17d04b-7b52-4995-b382-60c604cf2a7c,104 Oladipo Street,Ipaja,Abeokuta South,mid,Ogun,Nigeria,2026-05-13 15:46:00
dd95af1c-a2ab-4c47-95d7-c4edb046ba2b,2e62a7f1-e111-4caf-9c6c-87d4248d6a12,58 Mohammed Street,Ikenne,Ikorodu,mid,Oyo,Nigeria,2026-03-01 14:57:00
766400f8-72c2-48fe-b3ef-9a683c78bf77,5ab8c501-8e1f-4451-bf46-9deb4b2301c7,82 Danjuma Street,Mowe,Agege,mid,Lagos,Nigeria,2025-02-02 09:22:00
022a08c5-2249-492f-87b3-1a64b2701f56,434e4bce-8fa2-468c-9cff-d8535a8772f7,60 Igwe Street,Ogijo,Agege,far,Lagos,Nigeria,2026-07-07 08:50:00
ad15dbcb-755b-4623-8f6e-a656e07f2c83,57be9f2e-3b18-47d7-bbff-ec4155ce70ee,66 Afolabi Street,Ogijo,Agege,near,Lagos,Nigeria,2025-09-22 09:21:00
a05606be-deda-42d2-9207-3667f846ad83,c786e514-bba1-416a-bb9c-73e924f32cd3,82 Salami Street,Ogijo,Ikorodu,near,Lagos,Nigeria,2025-08-31 08:40:00
f1bd968f-6bc3-4213-a4f4-05efd50a842b,4b6dc21f-8e7e-4070-b29a-10c76e4df416,111 Nwosu Street,Ikenne,Abeokuta South,near,Ogun,Nigeria,2026-02-25 09:24:00
57cd8c79-7458-4ba9-a754-05425936bbf1,77ee44bc-9a73-49ec-ad94-413cb4b5b665,70 Balogun Street,Oke-Odo,Abeokuta South,near,Ogun,Nigeria,2025-03-16 09:00:00
a646afb2-bad6-4d1e-a3c9-dd7b47584b66,db39535e-72b2-447b-97d7-5794ec05c0d3,49 Nwosu Street,Ikenne,Sagamu,near,Ogun,Nigeria,2025-06-18 14:36:00
b287c577-bcc7-4d27-b4ac-b84508a09869,0ad936e4-b8a7-4d27-b119-f84e6a5dae90,82 Salami Street,Ipaja,Ijebu Ode,mid,Ogun,Nigeria,2024-12-05 15:36:00
7229a564-43b2-4989-8076-9b327a7e20fa,11347554-5848-4429-9b1a-4b001166c0dc,38 Akinyemi Street,Panseke,Agege,near,Lagos,Nigeria,2026-01-25 10:07:00
b4a89af6-42f3-44fe-bc13-f9e0fb94071a,ac93be13-9f9a-46b0-af7c-270335787ca3,81 Oladipo Street,Kuto,Abeokuta South,far,Ogun,Nigeria,2025-11-27 09:36:00
7eed8e58-3858-439d-b7d3-8367023e55dd,cb8efcbb-3cc0-44a5-82aa-26cc5df40c1a,52 Okafor Street,Panseke,Agege,near,Lagos,Nigeria,2025-02-27 12:41:00
79ca7c70-9ab9-491f-a53c-4e456242d35a,bfb98cad-0fd6-44fc-ad3b-117aa35c4ef9,65 Suleiman Street,Ibafo,Abeokuta South,far,Ogun,Nigeria,2025-08-05 12:05:00
5be77b05-0c17-4e5e-820b-fbeecd33c19e,1c26dfbb-5120-4c67-b664-c81be702497f,67 Igwe Street,Ibafo,Agege,near,Lagos,Nigeria,2025-10-20 13:43:00
e5cd9c88-36c6-4668-b110-abbd6d7528a1,081b4666-f27f-45c0-8a28-b61cf6554da1,85 Yakubu Street,Oke-Odo,Abeokuta South,mid,Lagos,Nigeria,2024-10-28 11:28:00
f6b7cc5d-2320-455b-8151-b76bd7470b86,35c7d840-a62b-47d1-a566-ad6f8a7bed3f,89 Akinyemi Street,Ijebu-Igbo,Abeokuta South,near,Ogun,Nigeria,2025-09-28 13:46:00
85a5d19d-98b4-4558-8f33-7d1ed493cfcb,6ee6c0a8-2dc8-4633-acf3-5fda321d99e2,96 Garba Street,Panseke,Sagamu,far,Ogun,Nigeria,2025-09-23 09:36:00
14b32f52-4d44-4f13-933c-b0d7f452f6f4,6126f9c6-7b5d-4432-8ea8-c6fcfd6e051c,44 Chukwu Street,Ogijo,Sagamu,mid,Ogun,Nigeria,2026-07-30 11:47:00
19f3d932-2af3-49da-91e3-53f16d55a696,a579a1dc-4f76-45af-b375-2b116b7ccf14,32 Balogun Street,Ijede,Agege,near,Lagos,Nigeria,2025-11-08 09:22:00
156c0f66-9b7e-4b84-b494-a7daa98c367d,dcb60ae3-ea94-4e7d-b538-3535f1e6c94b,112 Eze Street,Ijebu-Igbo,Agege,near,Lagos,Nigeria,2025-03-05 12:08:00
3dc9c28b-d7f9-401c-9327-8bb5beec36b9,2a472947-416e-4933-86da-07bfdd168d3e,82 Okeke Street,Oke-Odo,Ijebu Ode,mid,Ogun,Nigeria,2025-05-10 10:38:00
fc82d25a-e490-4013-8a12-21e86351e861,bf755a35-6aea-4081-bb6a-a73f44be460d,99 Balogun Street,Ijebu-Igbo,Ijebu Ode,mid,Ogun,Nigeria,2026-05-20 10:20:00
b53cc698-5322-4b7f-9d0e-31090e64280d,4e6b570e-cfba-49fe-ab14-b4e9404e6490,19 Garba Street,Ogijo,Ikorodu,far,Lagos,Nigeria,2026-06-19 12:59:00
735a9fd5-b301-486e-bc89-afad23315149,29e72b92-a189-4b24-a32b-e9ffa9b792bc,45 Adebayo Street,Oke-Odo,Agege,far,Oyo,Nigeria,2025-04-12 13:51:00
077b34db-7f83-433b-a769-f649c7247f81,07d89540-f6c5-4657-8663-cedca90953e6,81 Umar Street,Oke-Odo,Ikorodu,near,Lagos,Nigeria,2024-10-05 12:06:00
54add7a9-dbc4-4656-b559-966163028f2e,ea20f70e-4cbd-4dfc-b8f0-081ba72224b1,4 Olawale Street,Panseke,Ijebu Ode,mid,Ogun,Nigeria,2025-04-03 08:51:00
cca45ca7-9951-4cbf-a870-40b7ad6d51ef,c8df0dbe-f113-45ef-a379-988535062c68,70 Afolabi Street,Mowe,Ijebu Ode,near,Ogun,Nigeria,2024-09-29 08:52:00
57f97e6c-7541-478e-842f-d2364102a9c6,c2ab748e-fe12-42e5-8d7c-d13e79ed8590,46 Umar Street,Imota,Abeokuta South,near,Ogun,Nigeria,2025-11-12 08:38:00
faf5239c-b0bb-4839-b8d0-e829771c1238,d23236c6-4195-4c3b-b07e-a4e35fae7111,102 Bello Street,Ogijo,Ijebu Ode,mid,Oyo,Nigeria,2024-09-03 10:31:00
168560a1-f134-4c44-b35a-75927481aac5,0c8312a5-2014-4322-af85-138f54879d4a,83 Eze Street,Ibafo,Ijebu Ode,mid,Ogun,Nigeria,2026-06-05 08:24:00
48d21098-503c-41c7-a563-8be00670c854,8967c811-9c7b-47bb-b9de-3258c3cf1852,68 Umar Street,Ibafo,Ikorodu,mid,Lagos,Nigeria,2025-07-02 08:42:00
cdc8219b-a038-4f91-bf4d-b1082727c76b,17ab0418-4430-4b70-a6fb-2facaf06518b,55 Suleiman Street,Ogijo,Agege,near,Lagos,Nigeria,2024-12-13 10:52:00
134ade28-aed2-4c5f-857e-9157bb63545f,a8743c7e-8645-46d3-8dff-c9bd73e5be54,63 Oladipo Street,Kuto,Agege,near,Lagos,Nigeria,2025-11-14 12:28:00
9ad1ecae-f493-40cd-a82f-9f0079fcf748,4117c81a-3efd-45ab-918a-5049de0dc4ab,109 Akinyemi Street,Ogijo,Ijebu Ode,far,Ogun,Nigeria,2026-02-03 10:08:00
d2d1cc51-6c0a-464d-8ff5-a7d006ef29ca,e0160c63-fed6-4e74-8080-aedc8a4b0fe3,103 Suleiman Street,Ipaja,Abeokuta South,near,Ogun,Nigeria,2024-10-19 10:24:00
0aa677c4-a678-4241-afea-6c5216791d70,170d13b9-cb79-4eff-8737-839541b33bae,58 Afolabi Street,Oke-Odo,Agege,near,Lagos,Nigeria,2025-07-12 09:37:00
d1e3aed3-28f7-4739-a864-cb07f552522a,56c815c7-5e7d-448f-a4e1-8caff36f7af9,16 Ogunleye Street,Imota,Ikorodu,near,Lagos,Nigeria,2026-08-02 15:58:00
caf54943-5562-4124-b6bd-9dfe4c1b933d,ab9f8978-a72a-4d63-b4a6-87a435d3a1a1,79 Adeyemi Street,Ikenne,Sagamu,far,Oyo,Nigeria,2024-10-14 09:39:00
fa024862-946d-4f9a-b180-82e12359a72d,7ce2bcf9-4f74-4f94-97d3-d8253a9a3b45,33 Adebayo Street,Ijebu-Igbo,Abeokuta South,mid,Ogun,Nigeria,2025-02-04 15:11:00
ccfa5cd6-94f2-4c83-b603-1992037e336a,c0903911-d00d-4541-8567-94b254c2126c,61 Onyeka Street,Kuto,Agege,near,Lagos,Nigeria,2025-08-25 11:17:00
453df032-a1b1-454d-8257-8f58c75dc4cb,741ae867-6c2e-4fc9-ba0e-be00deedaf73,6 Danjuma Street,Mowe,Agege,mid,Lagos,Nigeria,2026-03-04 12:43:00
23d92f2b-f558-402b-ad27-f869d886894b,6e8d8317-1846-4962-893b-7ca50d34ce3a,94 Mohammed Street,Imota,Sagamu,near,Ogun,Nigeria,2025-02-26 08:31:00
11cd57f6-171c-4d2d-89ab-2b62ff9ac786,ab9760fc-f4d5-437f-943a-be667db65486,47 Okonkwo Street,Ikenne,Ikorodu,mid,Lagos,Nigeria,2024-12-11 11:44:00
a4628ace-7b00-43af-a2f1-f64dd4a7b1d9,8f9159ce-fc29-4019-a52a-fd75b04c3fd3,71 Nwachukwu Street,Ikenne,Agege,mid,Lagos,Nigeria,2026-05-29 11:02:00
fa2e05e2-4028-47c2-907e-fc4ac3034dbb,11ea91a3-151b-4663-8437-75943df27875,12 Okonkwo Street,Oke-Odo,Sagamu,mid,Ogun,Nigeria,2026-07-24 13:30:00
c5a0de1f-8254-42f5-8f3c-6902c4fee369,263fa52d-c41b-4a60-b0a5-fa47d9ff6334,14 Adeyemi Street,Kuto,Ikorodu,near,Lagos,Nigeria,2025-06-04 09:05:00
e93a8ed0-c4e5-4fa3-9c30-27cbc581f1d3,65bc649e-6b66-421b-88a9-e2f2baa42107,116 Eze Street,Ijebu-Igbo,Sagamu,mid,Lagos,Nigeria,2024-09-13 11:49:00
88bab54f-3bc6-4580-850e-93d34a8da25c,c0313c91-4a5e-40fd-aff4-6a90b55e1a58,11 Oladipo Street,Panseke,Ikorodu,mid,Lagos,Nigeria,2025-04-25 13:34:00
445ab071-9123-452a-8c6b-6fe87a412af2,b03e8d55-04c7-49f2-8ee7-8144313f93ab,11 Adeyemi Street,Ibafo,Ikorodu,far,Oyo,Nigeria,2025-02-27 09:10:00
4be63fc9-5044-47c6-af56-a4cdd2ef7e7e,f71bca8a-37f6-4e50-bf56-84f37e8312ec,59 Yusuf Street,Oke-Odo,Ijebu Ode,far,Ogun,Nigeria,2025-09-10 14:05:00
70488f67-262b-499f-a673-4b831ea18820,9fd72fab-1466-40a5-995e-7dc88af79d5a,70 Igwe Street,Ogba,Abeokuta South,near,Ogun,Nigeria,2026-01-21 10:59:00
27d0e30c-aafe-4ce9-a626-89bca076e9c7,3405d2fe-ff55-4d4f-9728-08c2bddedb3e,100 Okeke Street,Imota,Abeokuta South,far,Ogun,Nigeria,2026-03-06 08:44:00
7a37f5bd-ff0d-401e-84c5-aa35d03cde52,cd8f98a5-f16c-4436-9eda-3a2afc425239,81 Suleiman Street,Imota,Ikorodu,mid,Ogun,Nigeria,2026-08-19 12:08:00
7c33c678-56b5-43c5-b0fc-44e9e3894e5a,fc2e56b1-de8d-4ea3-989e-236f5b915bbb,85 Yakubu Street,Ijede,Ikorodu,near,Lagos,Nigeria,2024-11-04 12:39:00
d1d79234-ccf9-4856-b00d-e310916aa6d0,3db4a4e3-33c5-4701-8477-b9033e984099,37 Uche Street,Kuto,Ijebu Ode,near,Ogun,Nigeria,2025-09-11 08:48:00
cc6d0c20-f7bd-457b-85ae-2a1fa5a2ff90,13031624-47e0-4519-95af-f0108a8a07eb,6 Ibrahim Street,Ikenne,Ijebu Ode,near,Lagos,Nigeria,2025-11-28 14:34:00
f5434a06-3600-423b-a098-bc0a778daa2e,914a9964-5711-4318-bdf5-e9cdab76763f,43 Ibrahim Street,Ogba,Ijebu Ode,near,Ogun,Nigeria,2025-09-29 11:11:00
c0066224-7e76-43ac-a051-5dde5c72f956,4e8533b0-8289-479a-ab0e-7e73d253122a,61 Adeyemi Street,Ogba,Agege,far,Oyo,Nigeria,2025-08-08 10:59:00
7da1ff54-8ee7-42d4-b4fd-f8d250b27003,e5aaf2e8-b61f-4cf0-8734-b7969d670edf,89 Akinyemi Street,Panseke,Abeokuta South,near,Ogun,Nigeria,2024-09-30 11:42:00
