id,blood_sugar_type,blood_sugar_value,patient_id,facility_id,user_id,recorded_at,deleted_at
a2300dfe-5730-47c7-bb3c-6eef5574a7d8,random,123.0,8734546b-8938-4c93-840a-3d2ac330f09f,da845e7d-fedd-47ac-b12d-fb734b6449eb,e18956f3-25d3-4ad3-9e29-e476c974b1e2,2026-05-04 13:04:00,
3e52497f-521c-4abd-80ec-3e56a2dd5f09,random,117.3,8734546b-8938-4c93-840a-3d2ac330f09f,da845e7d-fedd-47ac-b12d-fb734b6449eb,5e76f2ad-b087-4dc4-9d25-73e3e0503036,2026-07-09 14:12:00,
1142deee-a7ac-4ed6-9838-2204f87d0938,random,181.5,8734546b-8938-4c93-840a-3d2ac330f09f,da845e7d-fedd-47ac-b12d-fb734b6449eb,5e76f2ad-b087-4dc4-9d25-73e3e0503036,2026-08-05 08:00:00,
8ac7d908-2a20-4b56-b8ed-06e5498c8da5,random,70.0,01657312-8bf4-4cc7-8f53-c6792975e758,906096d6-f0f6-4da5-9c19-dc403afb4bb8,8cc3bb69-3add-47d5-9cd2-8cff31252948,2026-02-03 11:57:00,
227086ce-e644-40d4-8bce-5571794920e2,random,263.0,01657312-8bf4-4cc7-8f53-c6792975e758,906096d6-f0f6-4da5-9c19-dc403afb4bb8,9bae34d8-d312-48ce-9bbf-17fa6222b3f6,2026-05-14 15:13:00,
dadbfe9a-c561-45ce-832a-a4025f8f9bca,random,88.5,1e1f5e18-3358-4b57-a2cb-a56888a00431,5f213a58-b179-42d7-9c05-e29474526e82,406a76ac-2a9d-4982-b6f8-1efb7296c6c0,2026-01-11 13:21:00,
c6b4504e-e36e-44c1-b170-419b1a0bc3f3,random,121.1,1e1f5e18-3358-4b57-a2cb-a56888a00431,5f213a58-b179-42d7-9c05-e29474526e82,2db9a55b-d59a-4a30-a4c8-bf7ae0a1e014,2026-03-12 11:05:00,
b130a73b-c9b4-4cc2-b0f4-33d015de8a1c,random,113.7,1e1f5e18-3358-4b57-a2cb-a56888a00431,5f213a58-b179-42d7-9c05-e29474526e82,406a76ac-2a9d-4982-b6f8-1efb7296c6c0,2026-05-27 08:41:00,
aefeff51-a0d2-4fae-8adf-fb5e33e39543,random,203.2,1e1f5e18-3358-4b57-a2cb-a56888a00431,5f213a58-b179-42d7-9c05-e29474526e82,2db9a55b-d59a-4a30-a4c8-bf7ae0a1e014,2026-06-24 14:04:00,
3d482fe8-0f7d-4b13-a797-c3d2729be635,random,155.1,1e1f5e18-3358-4b57-a2cb-a56888a00431,5f213a58-b179-42d7-9c05-e29474526e82,b302ab11-03e4-4bae-be36-6ec2662f7fc9,2026-07-11 08:51:00,
910af09e-b160-430d-91e8-0ae55e5a11a9,random,70.0,190104de-0ba5-4397-9f72-f60753ec5d7c,da845e7d-fedd-47ac-b12d-fb734b6449eb,e18956f3-25d3-4ad3-9e29-e476c974b1e2,2025-04-30 15:38:00,
d5298dea-a86c-4bbb-ab67-80f42a7430c6,random,214.5,190104de-0ba5-4397-9f72-f60753ec5d7c,da845e7d-fedd-47ac-b12d-fb734b6449eb,447e99c5-592b-43d3-805b-eb75f1251d2a,2025-05-26 10:45:00,
95e29b97-4eeb-4d1d-a4b3-e60363838b6a,random,88.4,190104de-0ba5-4397-9f72-f60753ec5d7c,da845e7d-fedd-47ac-b12d-fb734b6449eb,447e99c5-592b-43d3-805b-eb75f1251d2a,2025-08-15 09:20:00,
b6b5687e-35ba-4521-bbb5-b6d4a249d554,random,178.7,190104de-0ba5-4397-9f72-f60753ec5d7c,da845e7d-fedd-47ac-b12d-fb734b6449eb,447e99c5-592b-43d3-805b-eb75f1251d2a,2026-05-19 15:38:00,
b9a2ccb0-0cc5-41ff-a5d9-c852b73fee63,random,151.5,190104de-0ba5-4397-9f72-f60753ec5d7c,da845e7d-fedd-47ac-b12d-fb734b6449eb,447e99c5-592b-43d3-805b-eb75f1251d2a,2026-07-04 09:28:00,
147e897c-c42d-44fb-9aa0-6446ff16650e,random,211.6,5e8cc60b-b43c-4e17-9636-3f22a40d6c85,552564e7-84a4-4534-acfd-938092f72643,213c0975-3815-4ea4-ba67-23c54c2546da,2026-07-24 13:01:00,
375f5b94-4523-491e-9e38-1030772a27b8,random,148.2,685a1226-8c12-4bcd-be1a-c48d4de34785,ffe42279-f3bd-4683-a6a8-52c1bb9651f3,cd18ec08-f6a4-4724-926f-acd2aeb0daf2,2024-10-28 13:57:00,
4b25b5bc-e7a4-4397-a2c4-5af94dd35bc2,random,151.0,685a1226-8c12-4bcd-be1a-c48d4de34785,ffe42279-f3bd-4683-a6a8-52c1bb9651f3,246dee45-3351-44d3-8a3a-ca414c46c168,2024-11-24 14:37:00,
939730dd-fafd-4aaa-8375-e6622dd93229,random,107.7,685a1226-8c12-4bcd-be1a-c48d4de34785,ffe42279-f3bd-4683-a6a8-52c1bb9651f3,246dee45-3351-44d3-8a3a-ca414c46c168,2024-12-19 09:29:00,
8964f376-769f-4e2d-97c2-5bf2b7cbc620,random,175.9,685a1226-8c12-4bcd-be1a-c48d4de34785,ffe42279-f3bd-4683-a6a8-52c1bb9651f3,4519b91f-242d-4e4d-ae0c-da1f0c701874,2025-03-09 08:38:00,
9ffd9f7f-fa8c-4ac3-99cc-5507c25e6f19,random,101.1,685a1226-8c12-4bcd-be1a-c48d4de34785,ffe42279-f3bd-4683-a6a8-52c1bb9651f3,cd18ec08-f6a4-4724-926f-acd2aeb0daf2,2025-05-07 13:06:00,
b9a52254-7d95-4e1e-81f6-c68f4a26c17d,random,183.2,685a1226-8c12-4bcd-be1a-c48d4de34785,ffe42279-f3bd-4683-a6a8-52c1bb9651f3,cd18ec08-f6a4-4724-926f-acd2aeb0daf2,2025-08-31 11:46:00,
bc0d099d-c535-4273-ba4d-96a0ec75cef0,random,164.5,685a1226-8c12-4bcd-be1a-c48d4de34785,ffe42279-f3bd-4683-a6a8-52c1bb9651f3,353297dd-2e3c-46c0-a49c-7fd69ac2c389,2026-04-16 08:12:00,
5afc9f76-ef3c-45c5-bfad-212a2608b011,random,176.1,685a1226-8c12-4bcd-be1a-c48d4de34785,ffe42279-f3bd-4683-a6a8-52c1bb9651f3,cd18ec08-f6a4-4724-926f-acd2aeb0daf2,2026-06-12 10:17:00,
71199497-1374-4bad-a134-5d2656f1148f,random,75.0,c39123e0-87c5-4428-9d5f-d0bb19bb0c30,5f213a58-b179-42d7-9c05-e29474526e82,8e0d0bd7-32bc-44e0-8bb3-7f4f4b13cf78,2025-07-04 12:09:00,
3e8929a0-9dac-46db-92d5-6d65f7ad9951,random,142.0,c39123e0-87c5-4428-9d5f-d0bb19bb0c30,5f213a58-b179-42d7-9c05-e29474526e82,8e0d0bd7-32bc-44e0-8bb3-7f4f4b13cf78,2025-08-17 08:55:00,
4b189140-a1cb-48ca-a088-b58536919815,random,115.2,c39123e0-87c5-4428-9d5f-d0bb19bb0c30,5f213a58-b179-42d7-9c05-e29474526e82,2db9a55b-d59a-4a30-a4c8-bf7ae0a1e014,2026-01-24 12:54:00,
78a88778-b0cb-444d-b88a-0a2fa26de028,random,111.4,c6b1e3b8-bac6-4037-b530-a771fdf169b9,ffe42279-f3bd-4683-a6a8-52c1bb9651f3,353297dd-2e3c-46c0-a49c-7fd69ac2c389,2026-02-25 14:57:00,
bed01a05-75b9-4916-b55f-a5985158f876,random,187.0,c6b1e3b8-bac6-4037-b530-a771fdf169b9,ffe42279-f3bd-4683-a6a8-52c1bb9651f3,246dee45-3351-44d3-8a3a-ca414c46c168,2026-03-22 12:34:00,
6d9ee2e9-a661-424c-9cf7-644698d27838,random,155.7,c6b1e3b8-bac6-4037-b530-a771fdf169b9,ffe42279-f3bd-4683-a6a8-52c1bb9651f3,4519b91f-242d-4e4d-ae0c-da1f0c701874,2026-05-13 10:25:00,
bd07c48f-3714-444e-9e61-6f0d7e4f89fc,random,127.2,c6b1e3b8-bac6-4037-b530-a771fdf169b9,ffe42279-f3bd-4683-a6a8-52c1bb9651f3,353297dd-2e3c-46c0-a49c-7fd69ac2c389,2026-07-08 09:28:00,
23eaf557-f061-4f08-b8c2-6af200e5df85,random,71.9,c6b1e3b8-bac6-4037-b530-a771fdf169b9,ffe42279-f3bd-4683-a6a8-52c1bb9651f3,cd18ec08-f6a4-4724-926f-acd2aeb0daf2,2026-08-07 11:22:00,
51e5ebc3-38d4-4aae-a3db-604082810c68,random,201.2,c6b1e3b8-bac6-4037-b530-a771fdf169b9,ffe42279-f3bd-4683-a6a8-52c1bb9651f3,246dee45-3351-44d3-8a3a-ca414c46c168,2026-08-22 15:30:00,
25d3aa93-4a81-4859-baae-869cfa5ba968,random,176.7,5bb6e67a-8845-4fbb-8fa6-e514788f9844,906096d6-f0f6-4da5-9c19-dc403afb4bb8,8cc3bb69-3add-47d5-9cd2-8cff31252948,2026-04-30 11:07:00,
88dd264f-f0cb-46d7-bbd3-ebf9ddaf523f,random,174.4,5bb6e67a-8845-4fbb-8fa6-e514788f9844,906096d6-f0f6-4da5-9c19-dc403afb4bb8,9bae34d8-d312-48ce-9bbf-17fa6222b3f6,2026-05-29 09:24:00,
1688c06c-4230-4c27-aa09-f82b75d26510,random,152.1,5bb6e67a-8845-4fbb-8fa6-e514788f9844,906096d6-f0f6-4da5-9c19-dc403afb4bb8,9bae34d8-d312-48ce-9bbf-17fa6222b3f6,2026-07-25 09:57:00,
e05dd197-5549-4014-8450-b1681a8464a5,random,172.0,5bb6e67a-8845-4fbb-8fa6-e514788f9844,906096d6-f0f6-4da5-9c19-dc403afb4bb8,8cc3bb69-3add-47d5-9cd2-8cff31252948,2026-08-06 12:27:00,
d438a579-a839-4c3f-b8d5-eaa704ad498a,random,204.4,c045e5f5-45c9-4de2-bb3e-e849493b1aac,906096d6-f0f6-4da5-9c19-dc403afb4bb8,8cc3bb69-3add-47d5-9cd2-8cff31252948,2024-12-30 10:33:00,
b8db2d1a-e757-4cbf-bdfb-399b33bdbd76,random,218.5,c045e5f5-45c9-4de2-bb3e-e849493b1aac,906096d6-f0f6-4da5-9c19-dc403afb4bb8,b0715258-4719-4ce5-8a85-03ccda2c376c,2025-04-07 13:31:00,
9708aba1-1b45-4d95-a28c-407b05f27537,random,178.6,c045e5f5-45c9-4de2-bb3e-e849493b1aac,906096d6-f0f6-4da5-9c19-dc403afb4bb8,9bae34d8-d312-48ce-9bbf-17fa6222b3f6,2025-06-21 08:43:00,
0a1f7938-a7af-40c4-9505-1f8033a5d17a,random,108.8,1c6eec47-1dab-4137-93f7-a7795ced710b,906096d6-f0f6-4da5-9c19-dc403afb4bb8,b0715258-4719-4ce5-8a85-03ccda2c376c,2026-08-06 09:46:00,
f60e4f34-01fe-417a-8f6c-ee377ed3235e,random,222.0,72ab4d9c-1198-4df9-b08f-5c48c77be37d,ffe42279-f3bd-4683-a6a8-52c1bb9651f3,353297dd-2e3c-46c0-a49c-7fd69ac2c389,2025-01-21 15:47:00,
a76eccd7-1f36-40a5-b4ba-7aa422567233,random,178.8,72ab4d9c-1198-4df9-b08f-5c48c77be37d,ffe42279-f3bd-4683-a6a8-52c1bb9651f3,4519b91f-242d-4e4d-ae0c-da1f0c701874,2025-10-11 13:45:00,
8a845d31-099a-4198-a4ba-dcedf1cca25d,random,212.2,72ab4d9c-1198-4df9-b08f-5c48c77be37d,ffe42279-f3bd-4683-a6a8-52c1bb9651f3,cd18ec08-f6a4-4724-926f-acd2aeb0daf2,2025-11-23 08:04:00,
cf8f0c96-a0ef-4f59-926b-66cf3ab4f8ec,random,172.7,72ab4d9c-1198-4df9-b08f-5c48c77be37d,ffe42279-f3bd-4683-a6a8-52c1bb9651f3,cd18ec08-f6a4-4724-926f-acd2aeb0daf2,2026-01-19 13:26:00,
ef09cb1b-2dd3-48f2-90e2-bd1772ae08dc,random,197.9,72ab4d9c-1198-4df9-b08f-5c48c77be37d,ffe42279-f3bd-4683-a6a8-52c1bb9651f3,246dee45-3351-44d3-8a3a-ca414c46c168,2026-02-14 13:55:00,
37624658-8800-474f-b437-f2f4af4351bb,random,140.0,72ab4d9c-1198-4df9-b08f-5c48c77be37d,ffe42279-f3bd-4683-a6a8-52c1bb9651f3,353297dd-2e3c-46c0-a49c-7fd69ac2c389,2026-04-22 11:00:00,
6fb565a8-04fd-4a2d-8cd0-e13a21c07999,random,88.1,72ab4d9c-1198-4df9-b08f-5c48c77be37d,ffe42279-f3bd-4683-a6a8-52c1bb9651f3,246dee45-3351-44d3-8a3a-ca414c46c168,2026-05-06 08:30:00,
fd310179-5b7b-4342-9827-db765b64ea44,random,150.9,72ab4d9c-1198-4df9-b08f-5c48c77be37d,ffe42279-f3bd-4683-a6a8-52c1bb9651f3,4519b91f-242d-4e4d-ae0c-da1f0c701874,2026-06-04 11:44:00,
8030670d-ee29-4f2c-af5c-875bf92d814a,random,267.9,8b9236d7-608b-4488-a804-43b67ade6611,552564e7-84a4-4534-acfd-938092f72643,19f2d2b9-737d-4029-8250-945229084df8,2025-05-04 09:26:00,
2edce8ad-990a-47ce-9048-abe8c5b45982,random,137.5,8b9236d7-608b-4488-a804-43b67ade6611,552564e7-84a4-4534-acfd-938092f72643,c762646d-3ec2-420a-956d-f1b73ea05187,2025-05-31 14:13:00,
e22c1372-d358-4f9d-9178-f5d3ce8e3c3a,random,92.5,6788b654-fb4d-4b98-b043-f65f8f4c6ed5,552564e7-84a4-4534-acfd-938092f72643,213c0975-3815-4ea4-ba67-23c54c2546da,2026-07-05 11:09:00,
eaab4b59-1db2-407d-b687-2dc7fe3a0c75,random,171.2,6788b654-fb4d-4b98-b043-f65f8f4c6ed5,552564e7-84a4-4534-acfd-938092f72643,c762646d-3ec2-420a-956d-f1b73ea05187,2026-09-11 09:02:00,
b70d1e30-7ec7-430d-8dcf-e6f144f7aae0,random,161.0,656a87ea-e4a4-4c2a-b68e-21ae4fb9c950,906096d6-f0f6-4da5-9c19-dc403afb4bb8,9bae34d8-d312-48ce-9bbf-17fa6222b3f6,2025-06-22 12:37:00,
39b3d605-5370-48ce-ac7b-0615fc7df7c8,random,130.9,656a87ea-e4a4-4c2a-b68e-21ae4fb9c950,906096d6-f0f6-4da5-9c19-dc403afb4bb8,b0715258-4719-4ce5-8a85-03ccda2c376c,2025-07-21 09:27:00,
bcb1dfb3-71ab-465d-b1c1-e325d9224f74,random,139.0,656a87ea-e4a4-4c2a-b68e-21ae4fb9c950,906096d6-f0f6-4da5-9c19-dc403afb4bb8,9bae34d8-d312-48ce-9bbf-17fa6222b3f6,2025-08-17 09:27:00,
112f322b-21ad-42d1-8c92-a8cb15760f6c,random,94.8,656a87ea-e4a4-4c2a-b68e-21ae4fb9c950,906096d6-f0f6-4da5-9c19-dc403afb4bb8,b0715258-4719-4ce5-8a85-03ccda2c376c,2025-09-09 10:34:00,
c9137699-92d2-45ad-b1d0-71584f2e4375,random,184.4,656a87ea-e4a4-4c2a-b68e-21ae4fb9c950,906096d6-f0f6-4da5-9c19-dc403afb4bb8,9bae34d8-d312-48ce-9bbf-17fa6222b3f6,2025-10-03 15:02:00,
d8e3d3d0-9837-41e0-bb90-c0841f503fad,random,140.9,656a87ea-e4a4-4c2a-b68e-21ae4fb9c950,906096d6-f0f6-4da5-9c19-dc403afb4bb8,b0715258-4719-4ce5-8a85-03ccda2c376c,2025-10-15 12:24:00,
f3b0f0ec-963b-4c22-bc8d-cdc7329e8258,random,222.7,656a87ea-e4a4-4c2a-b68e-21ae4fb9c950,906096d6-f0f6-4da5-9c19-dc403afb4bb8,b0715258-4719-4ce5-8a85-03ccda2c376c,2025-11-14 12:00:00,
7506b128-91cd-48c7-abe0-e413d1b97973,random,96.6,031f840a-269d-4a26-b309-3a5012bb9427,ffe42279-f3bd-4683-a6a8-52c1bb9651f3,4519b91f-242d-4e4d-ae0c-da1f0c701874,2026-04-01 08:09:00,
4c4d331b-ec1e-4e4a-acbf-eab25e577e72,random,215.7,031f840a-269d-4a26-b309-3a5012bb9427,ffe42279-f3bd-4683-a6a8-52c1bb9651f3,4519b91f-242d-4e4d-ae0c-da1f0c701874,2026-05-02 08:21:00,
50df8726-5c28-484f-908c-837f8aba668e,random,111.3,031f840a-269d-4a26-b309-3a5012bb9427,ffe42279-f3bd-4683-a6a8-52c1bb9651f3,246dee45-3351-44d3-8a3a-ca414c46c168,2026-06-28 15:19:00,
2755a585-1288-4972-966f-99dab331656d,random,150.8,031f840a-269d-4a26-b309-3a5012bb9427,ffe42279-f3bd-4683-a6a8-52c1bb9651f3,cd18ec08-f6a4-4724-926f-acd2aeb0daf2,2026-07-24 09:23:00,
2d64372e-c6df-4e02-8963-99493e99c578,random,224.6,031f840a-269d-4a26-b309-3a5012bb9427,ffe42279-f3bd-4683-a6a8-52c1bb9651f3,cd18ec08-f6a4-4724-926f-acd2aeb0daf2,2026-09-20 14:44:00,
9c546268-bf4c-4553-92da-fca08235bced,random,140.5,63d04fee-ffc8-4f4b-8c3d-6db2260905d3,ffe42279-f3bd-4683-a6a8-52c1bb9651f3,246dee45-3351-44d3-8a3a-ca414c46c168,2025-11-07 11:40:00,
aec199ff-c607-4fbc-996e-7c83a8bd29d5,random,178.9,63d04fee-ffc8-4f4b-8c3d-6db2260905d3,ffe42279-f3bd-4683-a6a8-52c1bb9651f3,353297dd-2e3c-46c0-a49c-7fd69ac2c389,2026-02-11 10:13:00,
5d166501-03a6-4ede-8914-a9c12f76e607,random,161.3,63d04fee-ffc8-4f4b-8c3d-6db2260905d3,ffe42279-f3bd-4683-a6a8-52c1bb9651f3,cd18ec08-f6a4-4724-926f-acd2aeb0daf2,2026-03-14 11:10:00,
1dae577c-f967-4a95-ae92-232dad789cb9,random,159.8,63d04fee-ffc8-4f4b-8c3d-6db2260905d3,ffe42279-f3bd-4683-a6a8-52c1bb9651f3,353297dd-2e3c-46c0-a49c-7fd69ac2c389,2026-07-19 11:18:00,
58974cef-652c-4fd4-9f3c-8bf2ef5126fb,random,90.6,63d04fee-ffc8-4f4b-8c3d-6db2260905d3,ffe42279-f3bd-4683-a6a8-52c1bb9651f3,353297dd-2e3c-46c0-a49c-7fd69ac2c389,2026-08-17 14:20:00,
aaa231af-1514-42cb-a4e9-074b7b9dca41,random,152.4,63d04fee-ffc8-4f4b-8c3d-6db2260905d3,ffe42279-f3bd-4683-a6a8-52c1bb9651f3,246dee45-3351-44d3-8a3a-ca414c46c168,2026-09-14 12:59:00,
5223908b-eb4e-4a02-9646-aecacc1428a2,random,171.2,c786e514-bba1-416a-bb9c-73e924f32cd3,552564e7-84a4-4534-acfd-938092f72643,c762646d-3ec2-420a-956d-f1b73ea05187,2025-08-31 10:35:00,
79cd000c-2f57-479d-954c-15f20b3593f5,random,110.3,c786e514-bba1-416a-bb9c-73e924f32cd3,552564e7-84a4-4534-acfd-938092f72643,c762646d-3ec2-420a-956d-f1b73ea05187,2025-09-19 09:56:00,
dc626534-b99b-4044-bd2e-fea86fc86d63,random,127.3,c786e514-bba1-416a-bb9c-73e924f32cd3,552564e7-84a4-4534-acfd-938092f72643,c762646d-3ec2-420a-956d-f1b73ea05187,2025-10-27 08:23:00,
57c65790-2b43-4c5e-ab49-fd56638e8f0b,random,149.7,c786e514-bba1-416a-bb9c-73e924f32cd3,552564e7-84a4-4534-acfd-938092f72643,0035c5bf-742a-4ff6-9e23-941764d58bb9,2026-02-14 15:36:00,
3d10b84d-62be-4d9f-9452-47824cd7dedf,random,199.4,c786e514-bba1-416a-bb9c-73e924f32cd3,552564e7-84a4-4534-acfd-938092f72643,448fb26c-4d06-4d9f-a11d-a2745fb4d4c6,2026-08-22 08:07:00,
63f438c9-dde0-4efc-b067-5cc2b3185b5d,random,167.3,c786e514-bba1-416a-bb9c-73e924f32cd3,552564e7-84a4-4534-acfd-938092f72643,213c0975-3815-4ea4-ba67-23c54c2546da,2026-09-16 13:58:00,
4daefe74-2db8-42be-8c04-f7a4ef5af576,random,176.1,4b6dc21f-8e7e-4070-b29a-10c76e4df416,5f213a58-b179-42d7-9c05-e29474526e82,406a76ac-2a9d-4982-b6f8-1efb7296c6c0,2026-02-25 14:33:00,
7f2ee64a-4780-4cc5-bd7e-92630150cb18,random,131.6,4b6dc21f-8e7e-4070-b29a-10c76e4df416,5f213a58-b179-42d7-9c05-e29474526e82,8e0d0bd7-32bc-44e0-8bb3-7f4f4b13cf78,2026-03-16 13:08:00,
e200b10f-1729-4e5d-bd03-22c26cb15b98,random,144.4,4b6dc21f-8e7e-4070-b29a-10c76e4df416,5f213a58-b179-42d7-9c05-e29474526e82,8e0d0bd7-32bc-44e0-8bb3-7f4f4b13cf78,2026-04-13 15:05:00,
5bc6cdf4-cf78-4fc8-889e-17de325e4323,random,106.0,4b6dc21f-8e7e-4070-b29a-10c76e4df416,5f213a58-b179-42d7-9c05-e29474526e82,b302ab11-03e4-4bae-be36-6ec2662f7fc9,2026-05-11 08:35:00,
f2ca7245-b862-4157-8f01-167f05ada114,random,202.4,77ee44bc-9a73-49ec-ad94-413cb4b5b665,5f213a58-b179-42d7-9c05-e29474526e82,b302ab11-03e4-4bae-be36-6ec2662f7fc9,2025-05-08 13:58:00,
acbbe7d8-e943-43cf-b29c-bd8e774035cf,random,86.0,77ee44bc-9a73-49ec-ad94-413cb4b5b665,5f213a58-b179-42d7-9c05-e29474526e82,b302ab11-03e4-4bae-be36-6ec2662f7fc9,2025-05-25 13:10:00,
83ea0ddb-41f8-4892-9093-e4359079f350,random,170.6,77ee44bc-9a73-49ec-ad94-413cb4b5b665,5f213a58-b179-42d7-9c05-e29474526e82,b302ab11-03e4-4bae-be36-6ec2662f7fc9,2025-08-07 09:15:00,
ed2115de-399a-4f0a-bcb4-9b8b6cbe5a82,random,197.3,77ee44bc-9a73-49ec-ad94-413cb4b5b665,5f213a58-b179-42d7-9c05-e29474526e82,2db9a55b-d59a-4a30-a4c8-bf7ae0a1e014,2025-09-28 09:34:00,
1a669137-316b-4d6f-9b91-d140d6d52e24,random,211.6,0ad936e4-b8a7-4d27-b119-f84e6a5dae90,906096d6-f0f6-4da5-9c19-dc403afb4bb8,8cc3bb69-3add-47d5-9cd2-8cff31252948,2025-01-03 15:26:00,
bcf1b75d-586a-4806-aa67-4a3168d351b6,random,96.5,0ad936e4-b8a7-4d27-b119-f84e6a5dae90,906096d6-f0f6-4da5-9c19-dc403afb4bb8,9bae34d8-d312-48ce-9bbf-17fa6222b3f6,2025-02-02 09:34:00,
2d5240b0-d53c-4bc2-87a7-871c7cd40449,random,148.5,0ad936e4-b8a7-4d27-b119-f84e6a5dae90,906096d6-f0f6-4da5-9c19-dc403afb4bb8,b0715258-4719-4ce5-8a85-03ccda2c376c,2025-03-27 08:14:00,
9a39700c-84cc-49d5-9473-0f0286c429b1,random,158.0,0ad936e4-b8a7-4d27-b119-f84e6a5dae90,906096d6-f0f6-4da5-9c19-dc403afb4bb8,8cc3bb69-3add-47d5-9cd2-8cff31252948,2025-04-10 13:59:00,
96be62e5-2805-408f-a652-1e7a30a89059,random,172.9,0ad936e4-b8a7-4d27-b119-f84e6a5dae90,906096d6-f0f6-4da5-9c19-dc403afb4bb8,8cc3bb69-3add-47d5-9cd2-8cff31252948,2025-05-05 12:52:00,
3ce6b155-56ec-4fc9-a004-3bc1f3fd24c3,random,164.5,0ad936e4-b8a7-4d27-b119-f84e6a5dae90,906096d6-f0f6-4da5-9c19-dc403afb4bb8,8cc3bb69-3add-47d5-9cd2-8cff31252948,2025-06-19 15:07:00,
0cbe6bb8-60a9-41ef-86e2-b9ee9b9d8343,random,148.3,0ad936e4-b8a7-4d27-b119-f84e6a5dae90,906096d6-f0f6-4da5-9c19-dc403afb4bb8,b0715258-4719-4ce5-8a85-03ccda2c376c,2025-10-07 08:40:00,
cce60d17-455d-4347-8e03-7320dc6da09a,random,121.4,0ad936e4-b8a7-4d27-b119-f84e6a5dae90,906096d6-f0f6-4da5-9c19-dc403afb4bb8,8cc3bb69-3add-47d5-9cd2-8cff31252948,2025-11-06 15:20:00,
1231601c-5d76-465c-89b0-16a068925d2e,random,95.2,0ad936e4-b8a7-4d27-b119-f84e6a5dae90,906096d6-f0f6-4da5-9c19-dc403afb4bb8,8cc3bb69-3add-47d5-9cd2-8cff31252948,2025-11-28 14:42:00,
cd7979cd-34a5-4530-bd61-136447273ad0,random,164.4,0ad936e4-b8a7-4d27-b119-f84e6a5dae90,906096d6-f0f6-4da5-9c19-dc403afb4bb8,9bae34d8-d312-48ce-9bbf-17fa6222b3f6,2026-01-19 10:57:00,
7b22b234-26d2-42df-8fdc-8d5a16c5c013,random,148.5,0ad936e4-b8a7-4d27-b119-f84e6a5dae90,906096d6-f0f6-4da5-9c19-dc403afb4bb8,8cc3bb69-3add-47d5-9cd2-8cff31252948,2026-05-16 11:48:00,
143ca19e-0dda-4ba6-990a-5c353f9dfff2,random,140.3,0ad936e4-b8a7-4d27-b119-f84e6a5dae90,906096d6-f0f6-4da5-9c19-dc403afb4bb8,b0715258-4719-4ce5-8a85-03ccda2c376c,2026-08-14 12:58:00,
1a8ce5c8-a65f-4ea6-850f-0e57069c97a6,random,221.0,0ad936e4-b8a7-4d27-b119-f84e6a5dae90,906096d6-f0f6-4da5-9c19-dc403afb4bb8,8cc3bb69-3add-47d5-9cd2-8cff31252948,2026-09-14 10:38:00,
c426bf73-a69c-4dce-8893-d8f9368c5aba,random,82.9,6126f9c6-7b5d-4432-8ea8-c6fcfd6e051c,da845e7d-fedd-47ac-b12d-fb734b6449eb,5e76f2ad-b087-4dc4-9d25-73e3e0503036,2026-07-30 14:24:00,
1af62b2a-1f22-48de-acc5-43b9248f1692,random,210.7,6126f9c6-7b5d-4432-8ea8-c6fcfd6e051c,da845e7d-fedd-47ac-b12d-fb734b6449eb,447e99c5-592b-43d3-805b-eb75f1251d2a,2026-09-03 11:37:00,
be2dafa3-d306-4129-88b0-afed90f4e77e,random,171.4,a579a1dc-4f76-45af-b375-2b116b7ccf14,ffe42279-f3bd-4683-a6a8-52c1bb9651f3,246dee45-3351-44d3-8a3a-ca414c46c168,2025-11-08 12:45:00,
bb7d6d18-e91d-4c8e-a852-f5aa77cc9ade,random,154.6,a579a1dc-4f76-45af-b375-2b116b7ccf14,ffe42279-f3bd-4683-a6a8-52c1bb9651f3,353297dd-2e3c-46c0-a49c-7fd69ac2c389,2026-01-02 08:12:00,
fe4d4fe2-c5e3-4616-b42a-5fdbcca10415,random,201.8,a579a1dc-4f76-45af-b375-2b116b7ccf14,ffe42279-f3bd-4683-a6a8-52c1bb9651f3,353297dd-2e3c-46c0-a49c-7fd69ac2c389,2026-01-28 08:44:00,
970f2e46-f2ad-4338-925c-57ab4ae9babe,random,90.0,a579a1dc-4f76-45af-b375-2b116b7ccf14,ffe42279-f3bd-4683-a6a8-52c1bb9651f3,246dee45-3351-44d3-8a3a-ca414c46c168,2026-03-24 08:21:00,
84ec73ae-7884-4ae6-8e14-23b80ba4130e,random,135.0,a579a1dc-4f76-45af-b375-2b116b7ccf14,ffe42279-f3bd-4683-a6a8-52c1bb9651f3,4519b91f-242d-4e4d-ae0c-da1f0c701874,2026-04-19 15:04:00,
4acf97a7-0830-4a4e-891e-cc9c108bdc4d,random,99.0,a579a1dc-4f76-45af-b375-2b116b7ccf14,ffe42279-f3bd-4683-a6a8-52c1bb9651f3,353297dd-2e3c-46c0-a49c-7fd69ac2c389,2026-06-12 11:30:00,
1ce4ac7d-3f02-40c7-994e-5a9ccbedb164,random,212.9,a579a1dc-4f76-45af-b375-2b116b7ccf14,ffe42279-f3bd-4683-a6a8-52c1bb9651f3,246dee45-3351-44d3-8a3a-ca414c46c168,2026-07-08 15:57:00,
26a1becc-f5cf-4c5d-b9c8-5ba9e2cd95df,random,116.2,dcb60ae3-ea94-4e7d-b538-3535f1e6c94b,ffe42279-f3bd-4683-a6a8-52c1bb9651f3,4519b91f-242d-4e4d-ae0c-da1f0c701874,2025-03-05 10:08:00,
4e28b986-9e97-4d53-9d8b-9b36997900ba,random,170.8,dcb60ae3-ea94-4e7d-b538-3535f1e6c94b,ffe42279-f3bd-4683-a6a8-52c1bb9651f3,cd18ec08-f6a4-4724-926f-acd2aeb0daf2,2025-04-04 13:34:00,
70b442bd-149e-4ce9-b233-25b0c140bb8f,random,112.4,dcb60ae3-ea94-4e7d-b538-3535f1e6c94b,ffe42279-f3bd-4683-a6a8-52c1bb9651f3,4519b91f-242d-4e4d-ae0c-da1f0c701874,2025-07-07 09:57:00,
4987c4bb-9fe1-4d32-8c00-5039badebceb,random,197.2,dcb60ae3-ea94-4e7d-b538-3535f1e6c94b,ffe42279-f3bd-4683-a6a8-52c1bb9651f3,cd18ec08-f6a4-4724-926f-acd2aeb0daf2,2025-08-05 14:58:00,
be184649-7100-49a9-bd2c-99e3c806df0a,random,149.3,dcb60ae3-ea94-4e7d-b538-3535f1e6c94b,ffe42279-f3bd-4683-a6a8-52c1bb9651f3,353297dd-2e3c-46c0-a49c-7fd69ac2c389,2025-09-17 11:19:00,
453189e2-e6b4-4a90-b85c-2a4132ae31b3,random,118.9,dcb60ae3-ea94-4e7d-b538-3535f1e6c94b,ffe42279-f3bd-4683-a6a8-52c1bb9651f3,353297dd-2e3c-46c0-a49c-7fd69ac2c389,2025-09-28 11:23:00,
199a4410-5b81-4562-a060-c528e55e9b7e,random,148.0,dcb60ae3-ea94-4e7d-b538-3535f1e6c94b,ffe42279-f3bd-4683-a6a8-52c1bb9651f3,4519b91f-242d-4e4d-ae0c-da1f0c701874,2025-10-22 14:01:00,
c5b2431f-cabd-44f9-9c4c-39b91ee65ff0,random,76.1,dcb60ae3-ea94-4e7d-b538-3535f1e6c94b,ffe42279-f3bd-4683-a6a8-52c1bb9651f3,4519b91f-242d-4e4d-ae0c-da1f0c701874,2026-03-11 10:33:00,
a8cf9614-0062-4b03-ab92-4977d5cf7868,random,146.8,dcb60ae3-ea94-4e7d-b538-3535f1e6c94b,ffe42279-f3bd-4683-a6a8-52c1bb9651f3,246dee45-3351-44d3-8a3a-ca414c46c168,2026-06-04 10:35:00,
72db76c5-1519-4952-b98b-35c51558276b,random,118.1,dcb60ae3-ea94-4e7d-b538-3535f1e6c94b,ffe42279-f3bd-4683-a6a8-52c1bb9651f3,353297dd-2e3c-46c0-a49c-7fd69ac2c389,2026-07-28 13:07:00,
bc114c0e-35cf-4418-9723-c83e7ae21fda,random,101.3,dcb60ae3-ea94-4e7d-b538-3535f1e6c94b,ffe42279-f3bd-4683-a6a8-52c1bb9651f3,cd18ec08-f6a4-4724-926f-acd2aeb0daf2,2026-08-23 15:09:00,
573b4735-c6a0-45d9-adbd-aa2e7af0cf84,random,112.5,ea20f70e-4cbd-4dfc-b8f0-081ba72224b1,906096d6-f0f6-4da5-9c19-dc403afb4bb8,8cc3bb69-3add-47d5-9cd2-8cff31252948,2025-04-03 14:03:00,
a9cf4ec9-3ddd-4f25-9ff5-6044dec27fd7,random,113.9,ea20f70e-4cbd-4dfc-b8f0-081ba72224b1,906096d6-f0f6-4da5-9c19-dc403afb4bb8,9bae34d8-d312-48ce-9bbf-17fa6222b3f6,2025-06-12 08:15:00,
686c7014-0dec-443f-be4c-ed05fc2827f8,random,132.7,ea20f70e-4cbd-4dfc-b8f0-081ba72224b1,906096d6-f0f6-4da5-9c19-dc403afb4bb8,9bae34d8-d312-48ce-9bbf-17fa6222b3f6,2025-08-01 10:08:00,
30846dd4-2522-4e32-9675-e0f4d9475487,random,119.2,ea20f70e-4cbd-4dfc-b8f0-081ba72224b1,906096d6-f0f6-4da5-9c19-dc403afb4bb8,8cc3bb69-3add-47d5-9cd2-8cff31252948,2026-02-19 13:23:00,
d870d7b9-b5d3-4467-b6e6-4d3606ca4323,random,157.2,ea20f70e-4cbd-4dfc-b8f0-081ba72224b1,906096d6-f0f6-4da5-9c19-dc403afb4bb8,8cc3bb69-3add-47d5-9cd2-8cff31252948,2026-06-06 09:46:00,
132994d5-b50c-496e-ad25-03746c1a2faa,random,106.5,ea20f70e-4cbd-4dfc-b8f0-081ba72224b1,906096d6-f0f6-4da5-9c19-dc403afb4bb8,9bae34d8-d312-48ce-9bbf-17fa6222b3f6,2026-09-25 09:42:00,
7e98bb3e-0869-4f8e-87aa-662f1f89ab6d,random,113.6,d23236c6-4195-4c3b-b07e-a4e35fae7111,906096d6-f0f6-4da5-9c19-dc403afb4bb8,b0715258-4719-4ce5-8a85-03ccda2c376c,2024-09-03 13:41:00,
7adf32f6-8aa8-4c1e-bda0-34abe7d2271b,random,86.8,d23236c6-4195-4c3b-b07e-a4e35fae7111,906096d6-f0f6-4da5-9c19-dc403afb4bb8,8cc3bb69-3add-47d5-9cd2-8cff31252948,2024-10-17 13:16:00,
0f4f51ab-01a7-4566-b605-7e89ee2ada63,random,144.1,d23236c6-4195-4c3b-b07e-a4e35fae7111,906096d6-f0f6-4da5-9c19-dc403afb4bb8,b0715258-4719-4ce5-8a85-03ccda2c376c,2024-12-08 09:23:00,
de59f3ab-d1a5-4ce8-8322-27829eb8b4f6,random,153.6,d23236c6-4195-4c3b-b07e-a4e35fae7111,906096d6-f0f6-4da5-9c19-dc403afb4bb8,b0715258-4719-4ce5-8a85-03ccda2c376c,2025-01-28 10:47:00,
63b8f21a-81a9-40db-9f54-f44f748ef190,random,181.6,d23236c6-4195-4c3b-b07e-a4e35fae7111,906096d6-f0f6-4da5-9c19-dc403afb4bb8,b0715258-4719-4ce5-8a85-03ccda2c376c,2026-01-14 12:23:00,
cf822d9c-a6eb-480d-a54c-3218460d0159,random,135.8,d23236c6-4195-4c3b-b07e-a4e35fae7111,906096d6-f0f6-4da5-9c19-dc403afb4bb8,9bae34d8-d312-48ce-9bbf-17fa6222b3f6,2026-01-26 13:41:00,
7c9739e7-ee67-4277-90af-3846b40bb386,random,78.4,17ab0418-4430-4b70-a6fb-2facaf06518b,ffe42279-f3bd-4683-a6a8-52c1bb9651f3,cd18ec08-f6a4-4724-926f-acd2aeb0daf2,2024-12-13 11:10:00,
38b28ecc-499e-40f8-b810-56ac7b4613dd,random,118.0,17ab0418-4430-4b70-a6fb-2facaf06518b,ffe42279-f3bd-4683-a6a8-52c1bb9651f3,353297dd-2e3c-46c0-a49c-7fd69ac2c389,2025-02-06 15:19:00,
d533cef7-75c1-4bc0-b4bd-f7b61db303b9,random,140.1,17ab0418-4430-4b70-a6fb-2facaf06518b,ffe42279-f3bd-4683-a6a8-52c1bb9651f3,cd18ec08-f6a4-4724-926f-acd2aeb0daf2,2025-03-16 10:43:00,
d46048b4-728b-44cf-bdd5-b25cad1f8019,random,185.1,17ab0418-4430-4b70-a6fb-2facaf06518b,ffe42279-f3bd-4683-a6a8-52c1bb9651f3,246dee45-3351-44d3-8a3a-ca414c46c168,2025-05-12 08:41:00,
935b83d0-e5bb-4f99-8b5d-62b2a365ae1c,random,225.2,17ab0418-4430-4b70-a6fb-2facaf06518b,ffe42279-f3bd-4683-a6a8-52c1bb9651f3,246dee45-3351-44d3-8a3a-ca414c46c168,2026-03-18 09:53:00,
e34d4f77-69fb-4efa-acce-85c9f17de752,random,128.0,4117c81a-3efd-45ab-918a-5049de0dc4ab,906096d6-f0f6-4da5-9c19-dc403afb4bb8,9bae34d8-d312-48ce-9bbf-17fa6222b3f6,2026-02-03 13:13:00,
e847fc71-f229-49e5-a178-53f6bef27b96,random,191.6,e0160c63-fed6-4e74-8080-aedc8a4b0fe3,5f213a58-b179-42d7-9c05-e29474526e82,8e0d0bd7-32bc-44e0-8bb3-7f4f4b13cf78,2024-11-14 11:04:00,
77910987-0111-4e66-9059-2324cf982aea,random,141.6,e0160c63-fed6-4e74-8080-aedc8a4b0fe3,5f213a58-b179-42d7-9c05-e29474526e82,406a76ac-2a9d-4982-b6f8-1efb7296c6c0,2025-03-09 14:31:00,
6519f989-76ae-40d8-a82b-4e7f94a78e74,random,184.1,e0160c63-fed6-4e74-8080-aedc8a4b0fe3,5f213a58-b179-42d7-9c05-e29474526e82,406a76ac-2a9d-4982-b6f8-1efb7296c6c0,2025-05-01 10:31:00,
702ca40e-51ed-4437-b284-b4bd6ee50cf6,random,212.2,e0160c63-fed6-4e74-8080-aedc8a4b0fe3,5f213a58-b179-42d7-9c05-e29474526e82,406a76ac-2a9d-4982-b6f8-1efb7296c6c0,2025-07-14 10:52:00,
b2f22897-8f1b-4129-ba20-f354b2ea4c05,random,228.6,e0160c63-fed6-4e74-8080-aedc8a4b0fe3,5f213a58-b179-42d7-9c05-e29474526e82,406a76ac-2a9d-4982-b6f8-1efb7296c6c0,2026-01-03 11:28:00,
8ae8bdb7-f7b2-4374-b216-20ebe26e3eb3,random,101.2,e0160c63-fed6-4e74-8080-aedc8a4b0fe3,5f213a58-b179-42d7-9c05-e29474526e82,406a76ac-2a9d-4982-b6f8-1efb7296c6c0,2026-03-10 14:04:00,
b7dc48e3-4845-45e1-a999-a21944b81127,random,80.3,ab9f8978-a72a-4d63-b4a6-87a435d3a1a1,da845e7d-fedd-47ac-b12d-fb734b6449eb,447e99c5-592b-43d3-805b-eb75f1251d2a,2024-10-14 12:27:00,
8ee33ad8-babf-4691-b96e-78a0e692558b,random,169.4,ab9f8978-a72a-4d63-b4a6-87a435d3a1a1,da845e7d-fedd-47ac-b12d-fb734b6449eb,447e99c5-592b-43d3-805b-eb75f1251d2a,2025-01-17 12:26:00,
95a654af-a097-45e3-98b2-717d151ab7d2,random,121.9,ab9f8978-a72a-4d63-b4a6-87a435d3a1a1,da845e7d-fedd-47ac-b12d-fb734b6449eb,5e76f2ad-b087-4dc4-9d25-73e3e0503036,2025-02-15 14:54:00,
a6336ef1-6446-4eec-97a7-c1fba153ce01,random,126.8,ab9f8978-a72a-4d63-b4a6-87a435d3a1a1,da845e7d-fedd-47ac-b12d-fb734b6449eb,5e76f2ad-b087-4dc4-9d25-73e3e0503036,2025-05-26 14:17:00,
6e93f462-efa6-48aa-9b37-ba298fb3bca8,random,179.7,ab9f8978-a72a-4d63-b4a6-87a435d3a1a1,da845e7d-fedd-47ac-b12d-fb734b6449eb,447e99c5-592b-43d3-805b-eb75f1251d2a,2025-07-09 13:54:00,
8f74ec37-fa9b-43af-94d3-d1cb839a15ad,random,197.6,ab9f8978-a72a-4d63-b4a6-87a435d3a1a1,da845e7d-fedd-47ac-b12d-fb734b6449eb,e18956f3-25d3-4ad3-9e29-e476c974b1e2,2025-10-12 09:29:00,
d2db555c-0f35-4bd6-9981-bb1b21042f06,random,213.5,ab9f8978-a72a-4d63-b4a6-87a435d3a1a1,da845e7d-fedd-47ac-b12d-fb734b6449eb,447e99c5-592b-43d3-805b-eb75f1251d2a,2026-03-29 15:56:00,
1bc17178-9c5c-40bb-a1c1-b72e1bd882ae,random,100.0,ab9f8978-a72a-4d63-b4a6-87a435d3a1a1,da845e7d-fedd-47ac-b12d-fb734b6449eb,e18956f3-25d3-4ad3-9e29-e476c974b1e2,2026-09-14 09:10:00,
709accdc-6285-41ed-aeaa-400e615b7e11,random,143.0,7ce2bcf9-4f74-4f94-97d3-d8253a9a3b45,5f213a58-b179-42d7-9c05-e29474526e82,8e0d0bd7-32bc-44e0-8bb3-7f4f4b13cf78,2025-02-04 10:13:00,
6a8fd80b-ebe8-4ff0-bcdf-246f15b5ef45,random,120.8,7ce2bcf9-4f74-4f94-97d3-d8253a9a3b45,5f213a58-b179-42d7-9c05-e29474526e82,406a76ac-2a9d-4982-b6f8-1efb7296c6c0,2025-04-10 08:05:00,
e9917561-8a4f-45e3-ad3f-f700605c53c2,random,184.7,7ce2bcf9-4f74-4f94-97d3-d8253a9a3b45,5f213a58-b179-42d7-9c05-e29474526e82,8e0d0bd7-32bc-44e0-8bb3-7f4f4b13cf78,2025-08-17 14:39:00,
530a1563-ff65-464e-b7e6-52f659f3f7e2,random,162.5,7ce2bcf9-4f74-4f94-97d3-d8253a9a3b45,5f213a58-b179-42d7-9c05-e29474526e82,b302ab11-03e4-4bae-be36-6ec2662f7fc9,2025-09-20 15:17:00,
a26ef7ef-92bc-4fb4-a5c0-ed64630854ea,random,217.8,7ce2bcf9-4f74-4f94-97d3-d8253a9a3b45,5f213a58-b179-42d7-9c05-e29474526e82,2db9a55b-d59a-4a30-a4c8-bf7ae0a1e014,2026-04-07 13:45:00,
5f351841-4ebe-4bcf-bd0e-42f402fbce58,random,186.3,7ce2bcf9-4f74-4f94-97d3-d8253a9a3b45,5f213a58-b179-42d7-9c05-e29474526e82,b302ab11-03e4-4bae-be36-6ec2662f7fc9,2026-05-06 08:59:00,
5b89eb42-ed81-4939-82a0-e141538156d4,random,169.5,7ce2bcf9-4f74-4f94-97d3-d8253a9a3b45,5f213a58-b179-42d7-9c05-e29474526e82,8e0d0bd7-32bc-44e0-8bb3-7f4f4b13cf78,2026-07-21 10:03:00,
0083f248-ef3c-4bba-ad82-bf80da602006,random,92.6,11ea91a3-151b-4663-8437-75943df27875,da845e7d-fedd-47ac-b12d-fb734b6449eb,447e99c5-592b-43d3-805b-eb75f1251d2a,2026-07-24 14:46:00,
bf2e0630-4f6e-48f0-8944-54df72822f8f,random,220.4,3db4a4e3-33c5-4701-8477-b9033e984099,906096d6-f0f6-4da5-9c19-dc403afb4bb8,b0715258-4719-4ce5-8a85-03ccda2c376c,2025-10-06 11:14:00,
c5fe46b9-f714-485f-b77b-bf42f4cc1d8a,random,117.3,3db4a4e3-33c5-4701-8477-b9033e984099,906096d6-f0f6-4da5-9c19-dc403afb4bb8,b0715258-4719-4ce5-8a85-03ccda2c376c,2025-11-03 12:56:00,
cfe22379-f264-421c-b263-66a247f4e7f9,random,135.7,3db4a4e3-33c5-4701-8477-b9033e984099,906096d6-f0f6-4da5-9c19-dc403afb4bb8,b0715258-4719-4ce5-8a85-03ccda2c376c,2026-01-03 15:37:00,
b1bc8630-d45c-4bbd-85e7-67cdad2d826a,random,100.7,4e8533b0-8289-479a-ab0e-7e73d253122a,ffe42279-f3bd-4683-a6a8-52c1bb9651f3,353297dd-2e3c-46c0-a49c-7fd69ac2c389,2025-08-08 09:32:00,
4fe37d45-26b0-48ff-acb8-12b7c179f8eb,random,177.2,4e8533b0-8289-479a-ab0e-7e73d253122a,ffe42279-f3bd-4683-a6a8-52c1bb9651f3,4519b91f-242d-4e4d-ae0c-da1f0c701874,2025-10-05 10:57:00,
280e9f52-3666-4340-bb83-84eff6d121ca,random,99.5,4e8533b0-8289-479a-ab0e-7e73d253122a,ffe42279-f3bd-4683-a6a8-52c1bb9651f3,353297dd-2e3c-46c0-a49c-7fd69ac2c389,2025-12-17 12:45:00,
21f6237d-8e51-48a1-b752-ce5f2dddbfb1,random,138.9,4e8533b0-8289-479a-ab0e-7e73d253122a,ffe42279-f3bd-4683-a6a8-52c1bb9651f3,246dee45-3351-44d3-8a3a-ca414c46c168,2026-03-14 12:08:00,
093bc8db-9f64-4c5c-9c6c-f00cb42177d9,random,87.8,4e8533b0-8289-479a-ab0e-7e73d253122a,ffe42279-f3bd-4683-a6a8-52c1bb9651f3,4519b91f-242d-4e4d-ae0c-da1f0c701874,2026-05-10 10:42:00,
3b3e3763-4219-463f-8431-d0219dc0ce3d,random,127.5,4e8533b0-8289-479a-ab0e-7e73d253122a,ffe42279-f3bd-4683-a6a8-52c1bb9651f3,4519b91f-242d-4e4d-ae0c-da1f0c701874,2026-08-12 11:42:00,
