id,user_id,appointment_id,patient_id,facility_id,result_type,remove_reason,device_created_at,device_updated_at
7970bb21-731d-467e-85c8-2c5f03b4862e,b302ab11-03e4-4bae-be36-6ec2662f7fc9,414f766c-69db-4a17-99d3-3f34f7ab7c8a,42a76c5d-df8f-4d62-a78e-86c094370f18,5f213a58-b179-42d7-9c05-e29474526e82,remind_to_call_later,,2026-07-10 13:58:00,2026-07-10 13:58:00
6733297c-18b6-40fc-a0b9-c4722bed2f04,f3161305-31e6-47c0-8597-e00f4ddec847,8cf3a48a-3cee-4397-9eeb-736bc7be7817,acb8809a-aa43-402f-ae77-2ec42e893228,552564e7-84a4-4534-acfd-938092f72643,removed_from_overdue_list,moved,2025-09-04 13:49:00,2025-09-04 13:49:00
1cd36cb5-b62d-4237-9ef7-503491854a8d,213c0975-3815-4ea4-ba67-23c54c2546da,baaef2c5-3d3d-4ac3-b3a0-d4b8a2977e18,e2ff2609-ca76-4592-825a-371a551da2ef,552564e7-84a4-4534-acfd-938092f72643,removed_from_overdue_list,not_responding,2026-04-28 12:39:00,2026-04-28 12:39:00
ba3eb231-468e-40e9-b64d-9338e5918312,9bae34d8-d312-48ce-9bbf-17fa6222b3f6,32b67c82-c2d7-459b-97e6-a38da9151ce1,01657312-8bf4-4cc7-8f53-c6792975e758,906096d6-f0f6-4da5-9c19-dc403afb4bb8,agreed_to_visit,,2026-05-05 16:47:00,2026-05-05 16:47:00
2fe616de-ee57-42b9-9d29-a18c086295ac,b0715258-4719-4ce5-8a85-03ccda2c376c,f0705238-a417-4558-a50a-473ef49708ac,01657312-8bf4-4cc7-8f53-c6792975e758,906096d6-f0f6-4da5-9c19-dc403afb4bb8,agreed_to_visit,,2026-08-18 13:22:00,2026-08-18 13:22:00
16229af9-33c5-4035-9dcf-72bd74888e51,e18956f3-25d3-4ad3-9e29-e476c974b1e2,44e8662d-790b-449a-ad87-b7baff2321b8,c03a1c33-8887-4ace-ae15-f38502732f65,da845e7d-fedd-47ac-b12d-fb734b6449eb,remind_to_call_later,,2026-01-31 16:36:00,2026-01-31 16:36:00
bdd72955-7043-4d5e-9058-90e10e9aa69e,0035c5bf-742a-4ff6-9e23-941764d58bb9,b5be70bd-a39c-4944-a5f3-6796a8d4fbe3,1a8ad177-d8dc-4f83-a934-a46291fb0613,552564e7-84a4-4534-acfd-938092f72643,removed_from_overdue_list,invalid_phone_number,2026-03-14 09:19:00,2026-03-14 09:19:00
5f528c57-4f96-4786-a5b5-1277cc5d2e1b,0035c5bf-742a-4ff6-9e23-941764d58bb9,c08d6115-3082-42eb-98b5-b5ee30e5938d,84cd67b3-29f4-448d-b1d1-35b5514cd7b9,552564e7-84a4-4534-acfd-938092f72643,agreed_to_visit,,2026-01-24 09:15:00,2026-01-24 09:15:00
1235084f-218a-4507-af06-28cf5438430d,f3161305-31e6-47c0-8597-e00f4ddec847,c0a7828a-0c91-4017-85cd-391e9094b391,84cd67b3-29f4-448d-b1d1-35b5514cd7b9,552564e7-84a4-4534-acfd-938092f72643,agreed_to_visit,,2026-03-10 15:58:00,2026-03-10 15:58:00
a9629485-dd75-42ae-8afd-ebd7be331ed6,b0715258-4719-4ce5-8a85-03ccda2c376c,6d4e45a3-9712-4c9d-917a-289c4215285d,bf635f97-5584-4f94-a13a-d6431a9c7cca,906096d6-f0f6-4da5-9c19-dc403afb4bb8,agreed_to_visit,,2026-06-14 10:24:00,2026-06-14 10:24:00
7f809d3f-1906-4c87-8ac9-99a4fd2f1ae1,213c0975-3815-4ea4-ba67-23c54c2546da,f4b462c4-ce93-4285-b90c-b1e4c86a570e,b6b17bb1-5d9c-460f-80de-7bfcd2ce922c,552564e7-84a4-4534-acfd-938092f72643,remind_to_call_later,,2026-04-24 10:40:00,2026-04-24 10:40:00
325d7ec1-5c1f-4ada-9e1b-686db07c658c,448fb26c-4d06-4d9f-a11d-a2745fb4d4c6,a8526bf8-b3ed-4c6e-becf-ab147de8b446,b6b17bb1-5d9c-460f-80de-7bfcd2ce922c,552564e7-84a4-4534-acfd-938092f72643,agreed_to_visit,,2026-09-13 16:41:00,2026-09-13 16:41:00
66245440-481e-4e91-a3a1-8d6aa02369ad,19f2d2b9-737d-4029-8250-945229084df8,5d12af37-56e3-42f1-b6bf-7e8f6eac4c3f,197031ba-dfca-4f61-af32-cb30dc877e7b,552564e7-84a4-4534-acfd-938092f72643,agreed_to_visit,,2025-02-25 15:07:00,2025-02-25 15:07:00
51507317-fa81-43b0-bc6c-5cb3ffd235a6,4519b91f-242d-4e4d-ae0c-da1f0c701874,f0a9e664-de92-47cf-85df-d899df5eb9e9,d55278ed-fb1e-4a1b-9116-b5f628014a34,ffe42279-f3bd-4683-a6a8-52c1bb9651f3,agreed_to_visit,,2026-02-20 13:03:00,2026-02-20 13:03:00
9aacb732-a082-4ecd-930a-372d83ce49c3,cd18ec08-f6a4-4724-926f-acd2aeb0daf2,30703e89-c3a7-4997-9353-4855d92074de,d55278ed-fb1e-4a1b-9116-b5f628014a34,ffe42279-f3bd-4683-a6a8-52c1bb9651f3,remind_to_call_later,,2026-04-16 09:20:00,2026-04-16 09:20:00
63c27eba-3cbe-46cf-bf69-f4d98bd0e3c7,406a76ac-2a9d-4982-b6f8-1efb7296c6c0,69ccfe18-f773-48e6-bdab-89a9910d6cde,8c463ec7-74d0-401b-ab96-ea372d06410b,5f213a58-b179-42d7-9c05-e29474526e82,removed_from_overdue_list,invalid_phone_number,2026-07-26 11:46:00,2026-07-26 11:46:00
cc8af416-5b70-41f8-80bb-081851721de5,19f2d2b9-737d-4029-8250-945229084df8,cc53d145-7ac0-4788-b48c-607ec0caa815,37aa0e55-28bf-4af7-9ace-d684de6b5f72,552564e7-84a4-4534-acfd-938092f72643,remind_to_call_later,,2026-06-22 09:42:00,2026-06-22 09:42:00
a700d1de-04b7-431c-9a69-06504d49536f,9bae34d8-d312-48ce-9bbf-17fa6222b3f6,ed5105cd-6f19-4889-9560-7c53ea7d44f9,9c943843-aed1-4463-a2f7-ddeba6563799,906096d6-f0f6-4da5-9c19-dc403afb4bb8,agreed_to_visit,,2025-07-07 14:22:00,2025-07-07 14:22:00
9e2fe6f0-b2ce-46d9-82b1-a305741e1525,9bae34d8-d312-48ce-9bbf-17fa6222b3f6,4b26dfde-9686-4722-90be-0072cd5024f5,9c943843-aed1-4463-a2f7-ddeba6563799,906096d6-f0f6-4da5-9c19-dc403afb4bb8,remind_to_call_later,,2026-04-13 12:04:00,2026-04-13 12:04:00
5a27f02c-0b4b-42f0-968f-3fa2f5c02a27,0035c5bf-742a-4ff6-9e23-941764d58bb9,33fafccb-89fc-47db-9df3-9fa686d2d9b7,7d05720a-d007-493d-9454-a82b980b73ce,552564e7-84a4-4534-acfd-938092f72643,agreed_to_visit,,2025-07-15 11:29:00,2025-07-15 11:29:00
4d32bebc-37df-4434-9852-b9d68eb96c8e,19f2d2b9-737d-4029-8250-945229084df8,3d7346b4-2b81-4393-a079-d616cc8dbd6f,7d05720a-d007-493d-9454-a82b980b73ce,552564e7-84a4-4534-acfd-938092f72643,agreed_to_visit,,2025-11-22 14:04:00,2025-11-22 14:04:00
eaae0999-c8ef-4f85-a427-a5eac323b663,0035c5bf-742a-4ff6-9e23-941764d58bb9,906c9ca1-e594-4a69-bf03-32b8b6435c5f,7d05720a-d007-493d-9454-a82b980b73ce,552564e7-84a4-4534-acfd-938092f72643,agreed_to_visit,,2026-09-22 09:12:00,2026-09-22 09:12:00
1f1631a1-6016-45d5-b2f2-fef4113c6e6b,213c0975-3815-4ea4-ba67-23c54c2546da,59de8624-6f04-49e7-9972-f943a68b32b4,c41ca486-dbe2-41ee-a981-b4037d879f4a,552564e7-84a4-4534-acfd-938092f72643,removed_from_overdue_list,invalid_phone_number,2024-12-22 13:19:00,2024-12-22 13:19:00
2358a1e8-a19f-4436-a1d7-7290576a01c5,2db9a55b-d59a-4a30-a4c8-bf7ae0a1e014,0d2a1642-1a3c-482a-8a89-6640240a1ea9,6d63ab74-5d08-4680-a74c-bdc1b37dca76,5f213a58-b179-42d7-9c05-e29474526e82,agreed_to_visit,,2026-06-10 16:52:00,2026-06-10 16:52:00
f63e0edb-4416-4141-8b00-596af7fffa10,406a76ac-2a9d-4982-b6f8-1efb7296c6c0,e9008804-1ef5-4657-bcb8-581169df69de,6d63ab74-5d08-4680-a74c-bdc1b37dca76,5f213a58-b179-42d7-9c05-e29474526e82,remind_to_call_later,,2026-08-24 15:09:00,2026-08-24 15:09:00
ecb933b6-abc7-4ab0-85cf-8f8f817accd5,8cc3bb69-3add-47d5-9cd2-8cff31252948,3ac1862b-52ca-44ed-88f0-4dfcd0160555,1ff53102-f524-4e53-93fb-49e584cb164b,906096d6-f0f6-4da5-9c19-dc403afb4bb8,agreed_to_visit,,2025-12-29 15:16:00,2025-12-29 15:16:00
701fbdbb-c62b-421c-949c-0117ba90d91b,8cc3bb69-3add-47d5-9cd2-8cff31252948,b50bfc4a-ab5c-4c9f-a530-5b15dee3ad42,1ff53102-f524-4e53-93fb-49e584cb164b,906096d6-f0f6-4da5-9c19-dc403afb4bb8,removed_from_overdue_list,not_responding,2026-03-31 15:43:00,2026-03-31 15:43:00
d4bef263-d66e-4ff1-8ef4-9f1333713b55,353297dd-2e3c-46c0-a49c-7fd69ac2c389,ef5caae0-19ba-4992-bee9-89fb26930060,fe05bf35-3b97-44c6-a7dd-757350f4d983,ffe42279-f3bd-4683-a6a8-52c1bb9651f3,remind_to_call_later,,2025-09-13 10:48:00,2025-09-13 10:48:00
63cf9bf2-17f7-497b-922a-14612c7e55ce,8cc3bb69-3add-47d5-9cd2-8cff31252948,4634215b-7ecc-4296-8bf2-70830c5f8128,75bfba9d-4dc2-414d-bf30-01153edd908a,906096d6-f0f6-4da5-9c19-dc403afb4bb8,remind_to_call_later,,2026-07-09 13:44:00,2026-07-09 13:44:00
2bca4005-b7df-4caa-a7db-df64becedee1,8e0d0bd7-32bc-44e0-8bb3-7f4f4b13cf78,af42f4c9-88da-45e4-8944-a28ffce8a066,6911cfaa-23dd-4278-b8f6-8a557e268f32,5f213a58-b179-42d7-9c05-e29474526e82,removed_from_overdue_list,invalid_phone_number,2026-09-06 12:41:00,2026-09-06 12:41:00
71a9a12f-2691-40f4-b86d-4a27e1ba5faa,8cc3bb69-3add-47d5-9cd2-8cff31252948,a2a7904d-544c-4e85-beef-21da2f4a7787,1735900a-9b6b-4fce-a7f3-ad4fa5671acf,906096d6-f0f6-4da5-9c19-dc403afb4bb8,remind_to_call_later,,2025-02-13 11:29:00,2025-02-13 11:29:00
6b33ac0a-5a55-475a-8aeb-2ab9f1a6e3d6,8cc3bb69-3add-47d5-9cd2-8cff31252948,6b3e46a6-62db-4758-8fde-9246f3453081,1735900a-9b6b-4fce-a7f3-ad4fa5671acf,906096d6-f0f6-4da5-9c19-dc403afb4bb8,remind_to_call_later,,2025-04-30 13:09:00,2025-04-30 13:09:00
17181e12-ec4b-4698-b213-cf7f4ea2b9cd,9bae34d8-d312-48ce-9bbf-17fa6222b3f6,43c8e455-ceae-4aa1-aba2-57d2c834bcf1,169cd9ca-d881-45bc-a78e-c5c031b47fe6,906096d6-f0f6-4da5-9c19-dc403afb4bb8,agreed_to_visit,,2024-11-15 14:22:00,2024-11-15 14:22:00
397f6f8d-f552-467d-bf90-2b843e1346d0,8cc3bb69-3add-47d5-9cd2-8cff31252948,39ce2c7a-f015-4a41-af63-87a0446e6cdb,169cd9ca-d881-45bc-a78e-c5c031b47fe6,906096d6-f0f6-4da5-9c19-dc403afb4bb8,removed_from_overdue_list,refused_to_return,2025-06-18 12:39:00,2025-06-18 12:39:00
e9875285-734f-44b2-a6a5-56091b7e2403,353297dd-2e3c-46c0-a49c-7fd69ac2c389,b18ebb2b-9dac-46db-92d5-6d65f7ad9951,d94b9bdf-7e65-4d84-9b13-235e8e86a0d7,ffe42279-f3bd-4683-a6a8-52c1bb9651f3,remind_to_call_later,,2025-05-17 11:44:00,2025-05-17 11:44:00
18387d26-6481-4533-bea1-1c2a977ff2e3,246dee45-3351-44d3-8a3a-ca414c46c168,4bec1839-2ad2-4139-b139-1271d9c3867e,d94b9bdf-7e65-4d84-9b13-235e8e86a0d7,ffe42279-f3bd-4683-a6a8-52c1bb9651f3,agreed_to_visit,,2026-02-28 13:57:00,2026-02-28 13:57:00
cb2d023a-63fb-451f-baa4-5f4f6b4e68c8,2db9a55b-d59a-4a30-a4c8-bf7ae0a1e014,b970e131-e93c-496f-aee6-6a6e3a58f8e5,d2acf484-385b-444c-9ff1-9bd6235e876c,5f213a58-b179-42d7-9c05-e29474526e82,agreed_to_visit,,2026-06-25 13:49:00,2026-06-25 13:49:00
a97d47b6-789d-4c4a-ae73-dc53a63b1a36,406a76ac-2a9d-4982-b6f8-1efb7296c6c0,fec5aafe-5a8f-4d61-82fd-2bf2a84b76da,10bfb3f5-36f7-444f-b7ab-a6c25971282b,5f213a58-b179-42d7-9c05-e29474526e82,remind_to_call_later,,2026-02-24 10:23:00,2026-02-24 10:23:00
69a047ee-0877-4033-a64f-62aa69cddecc,406a76ac-2a9d-4982-b6f8-1efb7296c6c0,8b44fb64-de26-4543-b218-ff1d329075d3,29ea352a-4a1e-4376-afb8-972e8fdecc76,5f213a58-b179-42d7-9c05-e29474526e82,remind_to_call_later,,2025-10-16 16:52:00,2025-10-16 16:52:00
671aaa48-6cce-4380-b7c4-c17a673ca86f,0035c5bf-742a-4ff6-9e23-941764d58bb9,6af07075-740b-4d32-81ef-1eaf6a786ad3,07888b0c-585a-49bb-82e3-e4a98a3465c0,552564e7-84a4-4534-acfd-938092f72643,agreed_to_visit,,2025-10-29 12:06:00,2025-10-29 12:06:00
ed320b97-17cb-4773-b345-130fd59523c5,0035c5bf-742a-4ff6-9e23-941764d58bb9,dd972b80-38ee-4c43-af4e-4c97b3b40b91,07888b0c-585a-49bb-82e3-e4a98a3465c0,552564e7-84a4-4534-acfd-938092f72643,removed_from_overdue_list,moved,2026-04-24 11:40:00,2026-04-24 11:40:00
ad5eb190-22a7-4289-bf1c-4ca0568f902b,8e0d0bd7-32bc-44e0-8bb3-7f4f4b13cf78,2fc70651-4a4a-4b96-a14d-bc16d0d85513,1f3d92df-bd4c-455b-ae16-1c2bbf143724,5f213a58-b179-42d7-9c05-e29474526e82,agreed_to_visit,,2025-07-30 14:27:00,2025-07-30 14:27:00
20aa8fc1-502d-4e4a-8de4-24866f480ba7,5e76f2ad-b087-4dc4-9d25-73e3e0503036,85a279d0-4adc-4c59-83d7-f8b53d022803,32c5aeac-6fcc-4edc-95ce-1a140b1a29d0,da845e7d-fedd-47ac-b12d-fb734b6449eb,agreed_to_visit,,2025-02-15 12:19:00,2025-02-15 12:19:00
9a288d48-6739-4837-86b5-792e7c69b087,5e76f2ad-b087-4dc4-9d25-73e3e0503036,d7f29116-0adf-4661-9b1b-f03d4b0043b0,32c5aeac-6fcc-4edc-95ce-1a140b1a29d0,da845e7d-fedd-47ac-b12d-fb734b6449eb,agreed_to_visit,,2025-05-03 16:34:00,2025-05-03 16:34:00
3af2ca93-f6cc-4bbb-956b-c480d588e7d4,5e76f2ad-b087-4dc4-9d25-73e3e0503036,d66941b8-218c-4aed-b94d-f335eaa8e63e,32c5aeac-6fcc-4edc-95ce-1a140b1a29d0,da845e7d-fedd-47ac-b12d-fb734b6449eb,remind_to_call_later,,2025-07-16 15:47:00,2025-07-16 15:47:00
af25bd72-9759-4dd3-8abf-62b997155673,b0715258-4719-4ce5-8a85-03ccda2c376c,f1ebd672-6570-4d75-b4a3-27fab63aa234,c045e5f5-45c9-4de2-bb3e-e849493b1aac,906096d6-f0f6-4da5-9c19-dc403afb4bb8,agreed_to_visit,,2025-03-10 16:27:00,2025-03-10 16:27:00
7bf0ebfe-33f5-4049-962a-b40644e0e612,b0715258-4719-4ce5-8a85-03ccda2c376c,719124ce-0b04-4dce-a35e-64ce99f29d18,c045e5f5-45c9-4de2-bb3e-e849493b1aac,906096d6-f0f6-4da5-9c19-dc403afb4bb8,agreed_to_visit,,2025-05-25 09:08:00,2025-05-25 09:08:00
03173225-91ec-4de6-a8f1-09d31462bf1c,9bae34d8-d312-48ce-9bbf-17fa6222b3f6,ae2f0196-291c-44c2-9891-a5b5b047d39f,c045e5f5-45c9-4de2-bb3e-e849493b1aac,906096d6-f0f6-4da5-9c19-dc403afb4bb8,agreed_to_visit,,2025-07-09 12:23:00,2025-07-09 12:23:00
b362b2ab-5da7-4067-a9e3-7ae9dda7e0e7,8cc3bb69-3add-47d5-9cd2-8cff31252948,de6f2ebf-1c03-4e06-85eb-1aee1b3012fe,c045e5f5-45c9-4de2-bb3e-e849493b1aac,906096d6-f0f6-4da5-9c19-dc403afb4bb8,agreed_to_visit,,2025-08-21 12:22:00,2025-08-21 12:22:00
ec70c3fa-842e-4851-890c-8326ce2a530b,cd18ec08-f6a4-4724-926f-acd2aeb0daf2,5ac2cbe7-2119-4811-8b97-01d8aa87cbd3,984bfce1-442f-4ebf-8b83-f13ee16dcc72,ffe42279-f3bd-4683-a6a8-52c1bb9651f3,agreed_to_visit,,2025-03-17 16:54:00,2025-03-17 16:54:00
c03037e6-66ed-4652-9948-19721adcc205,4519b91f-242d-4e4d-ae0c-da1f0c701874,11df422d-7fe8-4ddf-a6dc-cc878b2dd1e5,984bfce1-442f-4ebf-8b83-f13ee16dcc72,ffe42279-f3bd-4683-a6a8-52c1bb9651f3,agreed_to_visit,,2026-08-16 15:23:00,2026-08-16 15:23:00
2f057e48-9650-4f76-aeaa-78383c1dcb9a,8e0d0bd7-32bc-44e0-8bb3-7f4f4b13cf78,3b9db355-6fb9-493f-919d-7de60fb742b0,0f658961-6275-4a34-bd90-7e758f369210,5f213a58-b179-42d7-9c05-e29474526e82,removed_from_overdue_list,not_responding,2026-05-27 12:12:00,2026-05-27 12:12:00
008799a2-716c-4715-8c17-11f7f0f63aa7,19f2d2b9-737d-4029-8250-945229084df8,6050d3d5-641f-4947-be8f-8cd0fc653a4d,61a96335-da59-40a5-aee8-a643dc5fbf24,552564e7-84a4-4534-acfd-938092f72643,removed_from_overdue_list,invalid_phone_number,2026-06-10 13:10:00,2026-06-10 13:10:00
1e653a8d-c982-4135-bcd3-2fd9f75c8298,0035c5bf-742a-4ff6-9e23-941764d58bb9,beca90bc-ecef-4115-9344-af169e25070a,38e426f9-49e6-43aa-b097-5128012ba62d,552564e7-84a4-4534-acfd-938092f72643,agreed_to_visit,,2026-04-20 13:47:00,2026-04-20 13:47:00
8b0ae32b-7229-477b-8bbd-b9bfda9f535b,19f2d2b9-737d-4029-8250-945229084df8,2e4f95e1-4582-48b6-895f-5e29461ed471,3d2cfb51-a2ab-4517-8a0c-2b24ce043e86,552564e7-84a4-4534-acfd-938092f72643,remind_to_call_later,,2026-09-08 09:43:00,2026-09-08 09:43:00
f85c5fb0-fc4c-4a03-b437-de9d9abc0669,8cc3bb69-3add-47d5-9cd2-8cff31252948,ac36aed3-26d7-4e3d-b5c2-dce83d6a2d14,c57c566a-8d6c-4e24-8164-e7cee334a183,906096d6-f0f6-4da5-9c19-dc403afb4bb8,removed_from_overdue_list,not_responding,2025-10-05 16:42:00,2025-10-05 16:42:00
869b0c50-7730-44af-9120-ea9d72054105,b0715258-4719-4ce5-8a85-03ccda2c376c,65c2b9de-5929-42f8-b9b0-65bf618c12ed,c57c566a-8d6c-4e24-8164-e7cee334a183,906096d6-f0f6-4da5-9c19-dc403afb4bb8,remind_to_call_later,,2026-02-12 15:29:00,2026-02-12 15:29:00
1fc807f7-2b90-4256-9643-47522aba3d23,8cc3bb69-3add-47d5-9cd2-8cff31252948,5070b00d-ccb4-407d-8f03-ac6e5ad067e0,c57c566a-8d6c-4e24-8164-e7cee334a183,906096d6-f0f6-4da5-9c19-dc403afb4bb8,remind_to_call_later,,2026-08-15 09:00:00,2026-08-15 09:00:00
b0fcdea2-cec9-41f8-8f42-a1eb45c98ac5,213c0975-3815-4ea4-ba67-23c54c2546da,40fbbcbb-cd26-4437-a18c-b2a6201b73a3,d4683117-005b-49dc-956f-ea4435a0574c,552564e7-84a4-4534-acfd-938092f72643,remind_to_call_later,,2026-07-09 09:21:00,2026-07-09 09:21:00
199ec7f9-4f90-40b7-86b3-d8dac413e979,246dee45-3351-44d3-8a3a-ca414c46c168,aab2bc55-c9c0-4969-b9df-a426e2c45716,8354aad5-e1c3-413c-98c6-85a6d7a9b4cc,ffe42279-f3bd-4683-a6a8-52c1bb9651f3,agreed_to_visit,,2026-08-25 10:36:00,2026-08-25 10:36:00
08621daa-e4e7-49de-9919-cba17360151f,2db9a55b-d59a-4a30-a4c8-bf7ae0a1e014,8fa5edb8-b526-453e-9b7e-ec64a73934f4,6eab271d-0b68-4d89-aa74-3ef5f1fc6099,5f213a58-b179-42d7-9c05-e29474526e82,agreed_to_visit,,2025-09-05 09:50:00,2025-09-05 09:50:00
99650d5d-1eac-4835-8681-5337d6895262,406a76ac-2a9d-4982-b6f8-1efb7296c6c0,1d690d01-7b77-4255-a1ac-dee83c215a95,6eab271d-0b68-4d89-aa74-3ef5f1fc6099,5f213a58-b179-42d7-9c05-e29474526e82,agreed_to_visit,,2026-03-31 16:55:00,2026-03-31 16:55:00
41caf486-509d-4331-b948-0cb4434c3b33,5e76f2ad-b087-4dc4-9d25-73e3e0503036,1dfff50f-071b-4ace-85f2-f3c7e064d129,31b8cac3-12f2-4a7a-add1-49070d2a5a3a,da845e7d-fedd-47ac-b12d-fb734b6449eb,remind_to_call_later,,2026-01-06 15:19:00,2026-01-06 15:19:00
421265c0-ac8d-472c-8ea8-c49ec8d15969,e18956f3-25d3-4ad3-9e29-e476c974b1e2,d5f70305-969d-4ca6-b8fa-30f87c52eb6e,31b8cac3-12f2-4a7a-add1-49070d2a5a3a,da845e7d-fedd-47ac-b12d-fb734b6449eb,agreed_to_visit,,2026-03-08 09:59:00,2026-03-08 09:59:00
55528348-5ec6-48c7-a228-0aa9f28df89e,447e99c5-592b-43d3-805b-eb75f1251d2a,564029c6-db9b-4f2a-8867-acbd88701fa5,31b8cac3-12f2-4a7a-add1-49070d2a5a3a,da845e7d-fedd-47ac-b12d-fb734b6449eb,remind_to_call_later,,2026-05-11 15:04:00,2026-05-11 15:04:00
54a8f5e1-9d22-4a61-8447-fc51897cc2f1,e18956f3-25d3-4ad3-9e29-e476c974b1e2,c39bcfce-03ec-4c53-9705-c08b39fab08d,31b8cac3-12f2-4a7a-add1-49070d2a5a3a,da845e7d-fedd-47ac-b12d-fb734b6449eb,removed_from_overdue_list,invalid_phone_number,2026-08-06 10:25:00,2026-08-06 10:25:00
6f845a80-58b6-4e54-a4ff-c0a812fedfbe,4519b91f-242d-4e4d-ae0c-da1f0c701874,dcf61a11-8256-4504-acb4-ad86b4a86cc1,fa2f1bd2-3366-4667-a05f-7ced48c4c588,ffe42279-f3bd-4683-a6a8-52c1bb9651f3,agreed_to_visit,,2026-01-31 15:39:00,2026-01-31 15:39:00
51878602-4ce6-41d8-b2e2-9ede4d7ccb6e,9bae34d8-d312-48ce-9bbf-17fa6222b3f6,bae5a540-2f97-4dc4-bf6e-7fc7b62e1990,14b03848-e362-4931-be7f-5c99ad1acf51,906096d6-f0f6-4da5-9c19-dc403afb4bb8,remind_to_call_later,,2026-04-15 12:14:00,2026-04-15 12:14:00
3919f27e-749a-4736-8e32-a00a2024298f,b0715258-4719-4ce5-8a85-03ccda2c376c,bc006dc5-672d-4c03-b41c-0ddf879ffcee,718fe957-85f7-479f-a27d-32447ddaa748,906096d6-f0f6-4da5-9c19-dc403afb4bb8,remind_to_call_later,,2025-08-17 15:59:00,2025-08-17 15:59:00
9964cf06-ac26-4e78-be3c-090864621630,cd18ec08-f6a4-4724-926f-acd2aeb0daf2,c3ba899e-54cd-4947-99de-c8471f074572,a7344a0e-5832-441d-991c-6f3377ac69bd,ffe42279-f3bd-4683-a6a8-52c1bb9651f3,remind_to_call_later,,2025-05-23 16:38:00,2025-05-23 16:38:00
e1716f35-818b-4154-9da7-59da7ae08e8f,4519b91f-242d-4e4d-ae0c-da1f0c701874,bbfe8625-e176-4e57-bc18-b1c2b3e7d8bb,a7344a0e-5832-441d-991c-6f3377ac69bd,ffe42279-f3bd-4683-a6a8-52c1bb9651f3,agreed_to_visit,,2025-11-27 16:06:00,2025-11-27 16:06:00
38c798ac-f9b1-432a-8f99-d2f36353868e,353297dd-2e3c-46c0-a49c-7fd69ac2c389,d8a740c6-02e6-4d47-8a2b-934ccf50c68c,a7344a0e-5832-441d-991c-6f3377ac69bd,ffe42279-f3bd-4683-a6a8-52c1bb9651f3,agreed_to_visit,,2026-07-17 16:26:00,2026-07-17 16:26:00
385c0077-6945-4dd5-a9cd-ffc9d0af5df1,353297dd-2e3c-46c0-a49c-7fd69ac2c389,d3e55511-665f-4b26-801b-c62d412fedaa,e7ca10e7-94f7-48c0-b661-63eb1b4c232d,ffe42279-f3bd-4683-a6a8-52c1bb9651f3,agreed_to_visit,,2026-02-23 10:23:00,2026-02-23 10:23:00
00e14939-e8f9-4f61-897b-ae860968a917,246dee45-3351-44d3-8a3a-ca414c46c168,2a8387f4-17a2-4654-9766-27f9f788e214,e7ca10e7-94f7-48c0-b661-63eb1b4c232d,ffe42279-f3bd-4683-a6a8-52c1bb9651f3,removed_from_overdue_list,invalid_phone_number,2026-08-02 10:09:00,2026-08-02 10:09:00
aa5a71b5-d06d-42ab-b441-fa5687ed013c,8cc3bb69-3add-47d5-9cd2-8cff31252948,5add04a9-1c09-41a7-bc4f-245ee15bfc60,dc18f7f9-8d88-4e04-8bce-c9c70c0b4a06,906096d6-f0f6-4da5-9c19-dc403afb4bb8,agreed_to_visit,,2026-09-12 12:43:00,2026-09-12 12:43:00
67c32198-b6c2-4d82-82a8-8085e8ced813,c762646d-3ec2-420a-956d-f1b73ea05187,7a290063-d7c4-486c-8c80-cdb87b85313e,d946cd20-bb4e-4a2a-b5e3-d24231a2b760,552564e7-84a4-4534-acfd-938092f72643,agreed_to_visit,,2025-05-27 13:29:00,2025-05-27 13:29:00
92ea33ec-9174-4fc4-bb51-85a3561de843,448fb26c-4d06-4d9f-a11d-a2745fb4d4c6,589e9ec7-d3ae-4ff9-b4a9-d267de3472bc,d946cd20-bb4e-4a2a-b5e3-d24231a2b760,552564e7-84a4-4534-acfd-938092f72643,removed_from_overdue_list,moved,2026-04-08 11:59:00,2026-04-08 11:59:00
44319562-b30d-4ce7-ae05-03a38d16b682,b0715258-4719-4ce5-8a85-03ccda2c376c,011c89d5-702f-429f-a952-2f26e151a69c,ae31e651-a450-432c-9d20-3aaea8a21ead,906096d6-f0f6-4da5-9c19-dc403afb4bb8,agreed_to_visit,,2026-01-13 10:28:00,2026-01-13 10:28:00
dd5f223f-9ced-4747-90e2-a859ad6953ce,b0715258-4719-4ce5-8a85-03ccda2c376c,ea7271af-6ea2-4b5c-bb47-8dffc0dcf808,ae31e651-a450-432c-9d20-3aaea8a21ead,906096d6-f0f6-4da5-9c19-dc403afb4bb8,removed_from_overdue_list,not_responding,2026-03-08 12:31:00,2026-03-08 12:31:00
3ea0d1d4-8810-435a-9ea9-dda1de02335a,e18956f3-25d3-4ad3-9e29-e476c974b1e2,fd767492-3c17-4a18-8cc3-75647790bc9f,7ec85339-0e33-4d5a-a098-df1c83ac7a00,da845e7d-fedd-47ac-b12d-fb734b6449eb,agreed_to_visit,,2024-12-18 15:45:00,2024-12-18 15:45:00
b339e755-796d-43c6-8d63-460e1f58cdc3,447e99c5-592b-43d3-805b-eb75f1251d2a,5fe57017-d557-449b-8d5f-626c58d7d612,7ec85339-0e33-4d5a-a098-df1c83ac7a00,da845e7d-fedd-47ac-b12d-fb734b6449eb,agreed_to_visit,,2025-12-02 12:20:00,2025-12-02 12:20:00
330a1f49-8edd-4d26-bd9a-ae0f159d3f66,5e76f2ad-b087-4dc4-9d25-73e3e0503036,31297469-ad8b-41e1-bee8-976354e2f68d,7ec85339-0e33-4d5a-a098-df1c83ac7a00,da845e7d-fedd-47ac-b12d-fb734b6449eb,agreed_to_visit,,2026-02-06 15:48:00,2026-02-06 15:48:00
be65bd43-cef6-4076-b0c3-a49d7faf98b5,8e0d0bd7-32bc-44e0-8bb3-7f4f4b13cf78,6487a3b2-bf56-46b4-9de6-b9ca3d3e2d76,fac769b3-c0ba-4c42-8d89-62d75c293d78,5f213a58-b179-42d7-9c05-e29474526e82,agreed_to_visit,,2025-10-11 12:32:00,2025-10-11 12:32:00
36d867d4-53cf-4de1-89c4-ca63ee105068,8e0d0bd7-32bc-44e0-8bb3-7f4f4b13cf78,c196de2c-8ab1-4846-a3c3-cbd82134b3fc,fac769b3-c0ba-4c42-8d89-62d75c293d78,5f213a58-b179-42d7-9c05-e29474526e82,agreed_to_visit,,2026-06-03 14:09:00,2026-06-03 14:09:00
1531702e-25f7-415a-837b-26ec36839544,2db9a55b-d59a-4a30-a4c8-bf7ae0a1e014,6cdcba76-f39e-4314-b311-4e949cf6bc0d,fac769b3-c0ba-4c42-8d89-62d75c293d78,5f213a58-b179-42d7-9c05-e29474526e82,remind_to_call_later,,2026-07-30 14:05:00,2026-07-30 14:05:00
919ec773-f71e-478e-bfb5-709481f2ca1b,213c0975-3815-4ea4-ba67-23c54c2546da,b83886b3-db1b-48a2-8172-ba5e49a59a54,3b7897b7-f9e1-482a-96ad-0e729d644d2e,552564e7-84a4-4534-acfd-938092f72643,agreed_to_visit,,2025-10-08 11:33:00,2025-10-08 11:33:00
b42c1965-0435-42b6-9863-ca6c52d76ab6,19f2d2b9-737d-4029-8250-945229084df8,e6f295f2-bb3d-40b7-be0b-ff1880b7bd6f,b9cb3aba-e6d8-4177-abdf-efbfbdd1fcc4,552564e7-84a4-4534-acfd-938092f72643,remind_to_call_later,,2025-05-02 14:50:00,2025-05-02 14:50:00
41f89892-5093-4435-9079-f350c076f99b,8e0d0bd7-32bc-44e0-8bb3-7f4f4b13cf78,0b76e42a-61e8-4e13-9bbd-c7c53a94d8e9,48eda7ae-f6b6-4ab1-9060-c46dea47ecef,5f213a58-b179-42d7-9c05-e29474526e82,agreed_to_visit,,2025-07-01 11:51:00,2025-07-01 11:51:00
67e0d250-3d77-4b19-8d68-7000b0df6cd1,2db9a55b-d59a-4a30-a4c8-bf7ae0a1e014,9b26b4a7-f8bf-4a7f-813f-1030161ea6ff,48eda7ae-f6b6-4ab1-9060-c46dea47ecef,5f213a58-b179-42d7-9c05-e29474526e82,agreed_to_visit,,2026-03-27 13:03:00,2026-03-27 13:03:00
7184fa85-2773-4e35-b254-73d0403ed020,8e0d0bd7-32bc-44e0-8bb3-7f4f4b13cf78,29162b21-80bd-4692-ad42-2d25f52d2837,6ed169a9-9787-4fbe-a8c2-bb77ab0a51db,5f213a58-b179-42d7-9c05-e29474526e82,removed_from_overdue_list,other,2025-08-24 16:36:00,2025-08-24 16:36:00
05c1d0f3-3fb5-4075-829c-e6a9810fb2e2,b302ab11-03e4-4bae-be36-6ec2662f7fc9,1a13cc4c-acb8-4eb1-9fcc-38b4363a1dbe,6ed169a9-9787-4fbe-a8c2-bb77ab0a51db,5f213a58-b179-42d7-9c05-e29474526e82,removed_from_overdue_list,not_responding,2026-04-16 16:57:00,2026-04-16 16:57:00
464f213d-5efa-4afc-bf22-288a7d82f775,19f2d2b9-737d-4029-8250-945229084df8,ee6d30b8-402c-422a-aeab-4aedb814a516,908c41ec-4f2e-43cc-805b-2e04860a4a59,552564e7-84a4-4534-acfd-938092f72643,remind_to_call_later,,2026-03-17 09:41:00,2026-03-17 09:41:00
5fe530d0-a09d-436b-a671-37885ae58c88,2db9a55b-d59a-4a30-a4c8-bf7ae0a1e014,855969b8-0251-4958-9377-9c37b65a200d,b8225637-e40f-4b86-874e-49f8382a70fa,5f213a58-b179-42d7-9c05-e29474526e82,agreed_to_visit,,2026-04-02 13:26:00,2026-04-02 13:26:00
af8e8e72-d122-400d-9ab5-9907a5a69ebf,2db9a55b-d59a-4a30-a4c8-bf7ae0a1e014,647bceff-6a59-45fb-acfe-c46403bce74d,5187bd10-c004-46af-b5bd-d23cfc87a8f7,5f213a58-b179-42d7-9c05-e29474526e82,agreed_to_visit,,2025-11-11 15:11:00,2025-11-11 15:11:00
7da7674a-2390-42eb-a92c-44c2f39b8d34,2db9a55b-d59a-4a30-a4c8-bf7ae0a1e014,1e28f816-3404-47c5-84ee-d2d38cb2935c,389a76bd-bf97-4432-b03c-d8a4cd733b74,5f213a58-b179-42d7-9c05-e29474526e82,remind_to_call_later,,2026-08-15 09:53:00,2026-08-15 09:53:00
0c4576e6-3582-498b-8d92-546230096187,b302ab11-03e4-4bae-be36-6ec2662f7fc9,f260adae-c152-4a02-b413-d3d81dfa6f12,0f257fa1-1df6-4807-8a73-612f6b251ce9,5f213a58-b179-42d7-9c05-e29474526e82,removed_from_overdue_list,invalid_phone_number,2025-04-23 15:43:00,2025-04-23 15:43:00
9a229136-f70a-49d4-8768-f8a25a4a0924,447e99c5-592b-43d3-805b-eb75f1251d2a,6439dbe3-7cd6-42bf-9973-1b7fcb069133,4758f904-0592-419e-9bbf-4fe8494d3740,da845e7d-fedd-47ac-b12d-fb734b6449eb,removed_from_overdue_list,not_responding,2026-07-01 12:00:00,2026-07-01 12:00:00
657d24ea-14c5-43b7-89f7-d9f2c569869c,19f2d2b9-737d-4029-8250-945229084df8,f452f6f4-6c36-4b5d-8daa-db36e8117bb3,332a1cc3-4d85-4187-9ff8-5f1eade860a3,552564e7-84a4-4534-acfd-938092f72643,agreed_to_visit,,2025-03-14 09:37:00,2025-03-14 09:37:00
3eb6d540-3423-426e-b27d-3dc952c8977e,406a76ac-2a9d-4982-b6f8-1efb7296c6c0,ec0e1179-dba1-4ff9-aca6-47b4bb29908b,7af21e3c-9f72-4836-a5ff-2ed2ab4adc91,5f213a58-b179-42d7-9c05-e29474526e82,removed_from_overdue_list,not_responding,2025-06-21 12:38:00,2025-06-21 12:38:00
04618777-5c3e-4084-a580-5cc47d25fc49,b302ab11-03e4-4bae-be36-6ec2662f7fc9,9c6cbb69-193d-45c2-8df2-413284ec73ae,7af21e3c-9f72-4836-a5ff-2ed2ab4adc91,5f213a58-b179-42d7-9c05-e29474526e82,remind_to_call_later,,2025-11-19 13:37:00,2025-11-19 13:37:00
b4a1d603-4b1d-4a8b-a2b2-435783081583,e18956f3-25d3-4ad3-9e29-e476c974b1e2,afac5a5f-c379-4de9-8e22-fdf8f4c9657e,402f1ace-72bc-4d75-8f25-45a5b200b9e5,da845e7d-fedd-47ac-b12d-fb734b6449eb,agreed_to_visit,,2026-04-21 14:29:00,2026-04-21 14:29:00
4aa32f03-1b9c-404f-9124-f1cd7de184a5,e18956f3-25d3-4ad3-9e29-e476c974b1e2,26191e56-df02-452b-8cc3-58ea8322ae8f,402f1ace-72bc-4d75-8f25-45a5b200b9e5,da845e7d-fedd-47ac-b12d-fb734b6449eb,agreed_to_visit,,2026-07-02 09:39:00,2026-07-02 09:39:00
2fa62cc5-d435-4aaa-81d3-68841669866b,246dee45-3351-44d3-8a3a-ca414c46c168,832efa76-53f6-4cee-b72e-afcdca46acc3,a8621829-391c-4ecc-aa5a-36dc877cb654,ffe42279-f3bd-4683-a6a8-52c1bb9651f3,removed_from_overdue_list,invalid_phone_number,2026-07-06 10:34:00,2026-07-06 10:34:00
fc24a8f7-3a58-4527-910e-c4b5d0ccf135,f3161305-31e6-47c0-8597-e00f4ddec847,23318884-4934-4171-9a6f-7b6066a10a9e,573b4735-c6a0-45d9-adbd-aa2e7af0cf84,552564e7-84a4-4534-acfd-938092f72643,agreed_to_visit,,2026-07-18 11:18:00,2026-07-18 11:18:00
2e8c4ef2-0486-41ba-8289-3742a3137a64,b0715258-4719-4ce5-8a85-03ccda2c376c,b3f4ab37-dc29-44da-a347-10d6de619245,78840e34-8bc7-4855-a250-54dbfc04c791,906096d6-f0f6-4da5-9c19-dc403afb4bb8,remind_to_call_later,,2025-08-07 11:46:00,2025-08-07 11:46:00
5aa3bc1b-ccca-4984-a660-fde95ead6bcb,b0715258-4719-4ce5-8a85-03ccda2c376c,b3a18c50-d4cc-459f-a9c6-47334953ac5a,78840e34-8bc7-4855-a250-54dbfc04c791,906096d6-f0f6-4da5-9c19-dc403afb4bb8,agreed_to_visit,,2026-01-06 12:49:00,2026-01-06 12:49:00
a7127708-52cc-467b-b430-494f35fed6b2,b0715258-4719-4ce5-8a85-03ccda2c376c,9bd69a14-e6a2-431b-bc18-cba38388fd03,78840e34-8bc7-4855-a250-54dbfc04c791,906096d6-f0f6-4da5-9c19-dc403afb4bb8,remind_to_call_later,,2026-02-17 16:17:00,2026-02-17 16:17:00
329edf29-2a6e-45e8-8d40-54379a896470,c762646d-3ec2-420a-956d-f1b73ea05187,1e8a1826-8624-4f31-a130-8ab6d34e31c9,31dac15c-8e3b-4176-bc52-77172f1f0a8a,552564e7-84a4-4534-acfd-938092f72643,removed_from_overdue_list,not_responding,2025-12-30 16:31:00,2025-12-30 16:31:00
a94d625a-6244-4842-9114-0f3b5af36243,448fb26c-4d06-4d9f-a11d-a2745fb4d4c6,8a9fa90c-259a-4dcd-ad93-0cdb04b03283,31dac15c-8e3b-4176-bc52-77172f1f0a8a,552564e7-84a4-4534-acfd-938092f72643,remind_to_call_later,,2026-03-04 13:52:00,2026-03-04 13:52:00
5d96c24c-fc90-412a-a967-0ae69b97f309,19f2d2b9-737d-4029-8250-945229084df8,ce718b36-bfe5-4562-a4a5-7747e73dd91a,31dac15c-8e3b-4176-bc52-77172f1f0a8a,552564e7-84a4-4534-acfd-938092f72643,remind_to_call_later,,2026-08-29 16:30:00,2026-08-29 16:30:00
45229a25-624f-493e-a460-9faa0b578a82,8cc3bb69-3add-47d5-9cd2-8cff31252948,54f264a7-3c17-4765-8adc-4176911c510f,7b4613dd-395a-457a-b30d-f87e1d5e7c62,906096d6-f0f6-4da5-9c19-dc403afb4bb8,remind_to_call_later,,2025-04-11 11:33:00,2025-04-11 11:33:00
a8ffdaac-2941-4316-952e-615212e916dc,9bae34d8-d312-48ce-9bbf-17fa6222b3f6,95c42a7f-d460-48b4-b28b-a4cf7dd5b25c,7b4613dd-395a-457a-b30d-f87e1d5e7c62,906096d6-f0f6-4da5-9c19-dc403afb4bb8,remind_to_call_later,,2025-09-25 13:46:00,2025-09-25 13:46:00
b99ecb19-82eb-4d47-8f31-5498210ed335,353297dd-2e3c-46c0-a49c-7fd69ac2c389,82269e5a-5d6b-4456-b82b-580ca319efc0,1e5e8eb7-4634-45aa-b6f4-85e8e46bf874,ffe42279-f3bd-4683-a6a8-52c1bb9651f3,agreed_to_visit,,2025-10-16 12:10:00,2025-10-16 12:10:00
9593a614-0154-4363-adb5-8ca42e3d470b,353297dd-2e3c-46c0-a49c-7fd69ac2c389,8eaa1e5b-f638-45f9-b122-5b849aedb35a,1e5e8eb7-4634-45aa-b6f4-85e8e46bf874,ffe42279-f3bd-4683-a6a8-52c1bb9651f3,agreed_to_visit,,2026-03-12 15:03:00,2026-03-12 15:03:00
3e956513-7682-4ad5-b3b3-ad7f6ab294ed,406a76ac-2a9d-4982-b6f8-1efb7296c6c0,4f2d3150-e1b7-45ed-86f5-4fbde7d96695,c41ed6d9-2ef8-4145-9a4b-4cb4be708c20,5f213a58-b179-42d7-9c05-e29474526e82,remind_to_call_later,,2024-11-25 15:23:00,2024-11-25 15:23:00
1765cf5f-46f4-4f8c-b351-6264573d1ca5,406a76ac-2a9d-4982-b6f8-1efb7296c6c0,76ae40d8-682b-4e7f-94a7-8e74a6c63a7f,c41ed6d9-2ef8-4145-9a4b-4cb4be708c20,5f213a58-b179-42d7-9c05-e29474526e82,agreed_to_visit,,2025-05-14 11:10:00,2025-05-14 11:10:00
1770e1c5-7405-4d30-a720-85e12db31b4a,2db9a55b-d59a-4a30-a4c8-bf7ae0a1e014,30d4efd2-57f9-48c7-b2ae-8f282fffe658,c41ed6d9-2ef8-4145-9a4b-4cb4be708c20,5f213a58-b179-42d7-9c05-e29474526e82,removed_from_overdue_list,invalid_phone_number,2025-11-22 14:23:00,2025-11-22 14:23:00
170d13b9-4a3c-43e3-bed2-8bfd9f0121d1,2db9a55b-d59a-4a30-a4c8-bf7ae0a1e014,a0f0ec35-f775-4e1a-bd22-891b10f70d48,d3ecde19-b99c-4bac-9b46-fd839ff3c4d1,5f213a58-b179-42d7-9c05-e29474526e82,agreed_to_visit,,2025-05-10 16:26:00,2025-05-10 16:26:00
f0226bd0-daa2-4e25-a798-0598d907ada3,8e0d0bd7-32bc-44e0-8bb3-7f4f4b13cf78,40e76f5a-6ee5-4ea8-9a27-37b4a107efdc,d3ecde19-b99c-4bac-9b46-fd839ff3c4d1,5f213a58-b179-42d7-9c05-e29474526e82,agreed_to_visit,,2026-07-29 10:03:00,2026-07-29 10:03:00
b9ddfa3b-44fd-4045-a0d3-6be06e979add,19f2d2b9-737d-4029-8250-945229084df8,88733a5e-9425-46c3-9cb1-691ebc8509f8,252948c4-54fb-4845-80ba-4143bf002c23,552564e7-84a4-4534-acfd-938092f72643,agreed_to_visit,,2025-12-05 12:00:00,2025-12-05 12:00:00
a2f5c1dc-1f00-48aa-8ee5-0841db72005e,c762646d-3ec2-420a-956d-f1b73ea05187,7bc4e7c6-6300-4f91-b28d-8417912792ef,252948c4-54fb-4845-80ba-4143bf002c23,552564e7-84a4-4534-acfd-938092f72643,agreed_to_visit,,2026-01-15 12:46:00,2026-01-15 12:46:00
baf13261-99f0-40d1-b6dc-2c18fb93746b,9bae34d8-d312-48ce-9bbf-17fa6222b3f6,ea7e37bd-a541-4d53-87e2-b8a596568def,db3ec6ae-50b4-452b-8976-327ef4f26430,906096d6-f0f6-4da5-9c19-dc403afb4bb8,agreed_to_visit,,2025-10-15 09:05:00,2025-10-15 09:05:00
f49a157b-1fa6-4c15-9d1f-86617bd1b400,9bae34d8-d312-48ce-9bbf-17fa6222b3f6,e338a917-18af-4034-a0ad-1059461453f1,db3ec6ae-50b4-452b-8976-327ef4f26430,906096d6-f0f6-4da5-9c19-dc403afb4bb8,agreed_to_visit,,2026-07-09 09:02:00,2026-07-09 09:02:00
b8164302-62c0-48c9-9e20-3f04418ba460,c762646d-3ec2-420a-956d-f1b73ea05187,f03da05a-208d-4ce1-8bf0-f61b8a8e9507,504efcf5-594b-45a1-b416-c32cad07070e,552564e7-84a4-4534-acfd-938092f72643,remind_to_call_later,,2026-07-20 13:18:00,2026-07-20 13:18:00
a07c1622-550a-40fc-808e-e8d3a0ef94fb,19f2d2b9-737d-4029-8250-945229084df8,70af6c2e-68a5-413a-b19e-903654bf617f,1a219fdc-3060-49b5-9f18-38d511b86dcc,552564e7-84a4-4534-acfd-938092f72643,agreed_to_visit,,2026-05-28 09:25:00,2026-05-28 09:25:00
54dbb5af-0898-4f8d-b79e-52d4d11af018,c762646d-3ec2-420a-956d-f1b73ea05187,99993293-09b0-4f9c-9b79-74c242a85269,1a219fdc-3060-49b5-9f18-38d511b86dcc,552564e7-84a4-4534-acfd-938092f72643,remind_to_call_later,,2026-09-06 16:08:00,2026-09-06 16:08:00
563754a2-a1c0-4bdc-a842-f33e8f8d1a59,b0715258-4719-4ce5-8a85-03ccda2c376c,6a22906d-f1c2-4103-9f6e-8c9da9b9852c,1c4d8ee7-0501-4f33-b817-e35437372adb,906096d6-f0f6-4da5-9c19-dc403afb4bb8,removed_from_overdue_list,refused_to_return,2025-01-17 12:39:00,2025-01-17 12:39:00
2aac997a-6a91-4639-ad4e-7cb9a2c9fa87,8e0d0bd7-32bc-44e0-8bb3-7f4f4b13cf78,dd3008ac-7fa8-42aa-b6fe-7431a959deb5,3405d2fe-ff55-4d4f-9728-08c2bddedb3e,5f213a58-b179-42d7-9c05-e29474526e82,agreed_to_visit,,2026-08-03 14:10:00,2026-08-03 14:10:00
45624adf-c4de-4d76-bf3c-73567f2495b3,f3161305-31e6-47c0-8597-e00f4ddec847,f2454549-9170-4965-9e1b-00a0d0ac9a22,fc2e56b1-de8d-4ea3-989e-236f5b915bbb,552564e7-84a4-4534-acfd-938092f72643,remind_to_call_later,,2025-10-26 10:25:00,2025-10-26 10:25:00
638b9e37-37e2-473a-b176-b4cd14ac3ba3,8cc3bb69-3add-47d5-9cd2-8cff31252948,e27c6d9e-6d07-49dc-a850-9e7020c388b2,13031624-47e0-4519-95af-f0108a8a07eb,906096d6-f0f6-4da5-9c19-dc403afb4bb8,remind_to_call_later,,2026-09-20 12:21:00,2026-09-20 12:21:00
1ffb9b8f-9929-4038-ba2e-5a89d435af6f,4519b91f-242d-4e4d-ae0c-da1f0c701874,8811f76b-d603-43af-9592-07434f00f2fc,4e8533b0-8289-479a-ab0e-7e73d253122a,ffe42279-f3bd-4683-a6a8-52c1bb9651f3,agreed_to_visit,,2025-09-20 16:31:00,2025-09-20 16:31:00
adf9eea1-9e25-4e62-a95a-0d76b0bd8794,353297dd-2e3c-46c0-a49c-7fd69ac2c389,088445d1-9474-45ab-b13f-b1f5163b05bc,4e8533b0-8289-479a-ab0e-7e73d253122a,ffe42279-f3bd-4683-a6a8-52c1bb9651f3,agreed_to_visit,,2025-11-14 14:33:00,2025-11-14 14:33:00
0c88f22d-a9d2-446b-936e-4a94eedabbba,4519b91f-242d-4e4d-ae0c-da1f0c701874,00b53a4c-453d-4372-bba0-f71da14db272,4e8533b0-8289-479a-ab0e-7e73d253122a,ffe42279-f3bd-4683-a6a8-52c1bb9651f3,agreed_to_visit,,2026-02-15 14:30:00,2026-02-15 14:30:00
3817558d-d2a1-470e-b151-72f61531da03,246dee45-3351-44d3-8a3a-ca414c46c168,27891144-6f1a-469d-abac-b6235caa3110,4e8533b0-8289-479a-ab0e-7e73d253122a,ffe42279-f3bd-4683-a6a8-52c1bb9651f3,agreed_to_visit,,2026-05-03 11:15:00,2026-05-03 11:15:00
87817f2b-e5af-4343-b01a-ae9c4839d52b,cd18ec08-f6a4-4724-926f-acd2aeb0daf2,99834d19-365d-4765-9cf6-c5bc495b7e0c,4e8533b0-8289-479a-ab0e-7e73d253122a,ffe42279-f3bd-4683-a6a8-52c1bb9651f3,remind_to_call_later,,2026-09-03 13:05:00,2026-09-03 13:05:00
8a76e70e-2182-4a7d-8b15-ff0e7ff53218,c762646d-3ec2-420a-956d-f1b73ea05187,7d208ecc-3522-485f-bd90-8ec41a7ac169,304665d1-af8d-4b1f-87db-c020ace1d71a,552564e7-84a4-4534-acfd-938092f72643,agreed_to_visit,,2025-09-17 09:00:00,2025-09-17 09:00:00
66f50e3a-2da3-4b87-9e8d-15efb2bc5c7a,213c0975-3815-4ea4-ba67-23c54c2546da,f8bdc855-51b6-4fb9-a00f-c3daa7cd3cb6,304665d1-af8d-4b1f-87db-c020ace1d71a,552564e7-84a4-4534-acfd-938092f72643,remind_to_call_later,,2025-10-31 11:50:00,2025-10-31 11:50:00
2d6b0287-bf11-4ec5-b993-d9f145d2fc03,4519b91f-242d-4e4d-ae0c-da1f0c701874,7f337b33-152c-459e-a93e-cc6dd0cd5f47,51dd2d45-6020-4f0e-b7a6-a039925f3405,ffe42279-f3bd-4683-a6a8-52c1bb9651f3,remind_to_call_later,,2025-04-20 11:31:00,2025-04-20 11:31:00
462ea636-9097-485c-a452-fb100534a619,4519b91f-242d-4e4d-ae0c-da1f0c701874,d8b2721e-c0fa-41bd-b4b2-3d4d570dfca2,51dd2d45-6020-4f0e-b7a6-a039925f3405,ffe42279-f3bd-4683-a6a8-52c1bb9651f3,removed_from_overdue_list,moved,2025-08-06 10:42:00,2025-08-06 10:42:00
0daa704d-1d67-4e4b-a945-a98bc34a11fc,19f2d2b9-737d-4029-8250-945229084df8,fbed8004-1c77-4172-877f-dd9d78d3d0f5,4a994b08-a94e-47db-9e8b-1d9ad1fab2d0,552564e7-84a4-4534-acfd-938092f72643,remind_to_call_later,,2026-03-27 12:30:00,2026-03-27 12:30:00
071b2afb-a3e7-45f8-b272-cd3a029ad3d6,f3161305-31e6-47c0-8597-e00f4ddec847,3c75df1b-ab64-4feb-9ada-630ce7586df8,4a994b08-a94e-47db-9e8b-1d9ad1fab2d0,552564e7-84a4-4534-acfd-938092f72643,removed_from_overdue_list,moved,2026-08-07 16:44:00,2026-08-07 16:44:00
