id,patient_id,hypertension,diabetes,prior_heart_attack,prior_stroke,chronic_kidney_disease,receiving_treatment_for_hypertension,created_at
2881c16b-7608-467a-9668-3caa89c17492,f8e2b62d-d157-4b50-a89b-d3a16a6e8a15,yes,no,no,no,no,yes,2026-02-21 15:32:00
1979f6be-417a-40d8-acee-76203a1a6eba,40151ba6-8b25-4cab-8d09-d7fb89a5581c,yes,no,no,no,no,yes,2026-04-30 11:03:00
bd908b06-8ef0-4819-acd5-002bcc7bc14c,8734546b-8938-4c93-840a-3d2ac330f09f,yes,yes,no,no,no,yes,2026-04-05 13:21:00
49ae113c-c1a9-4bf8-a430-7dd91d1d40e2,c0bc4a7f-959e-45ef-9928-94cc3c943cd7,yes,no,no,no,no,yes,2025-08-15 08:22:00
c20bc456-c806-4dc1-a788-5ced70ca6e02,7e19ac49-86e7-48e2-b27c-573379b12bf3,yes,no,no,yes,no,yes,2026-06-30 10:11:00
8691cb9a-ce78-4607-986d-6740ec4e6703,42a76c5d-df8f-4d62-a78e-86c094370f18,yes,no,no,no,no,yes,2026-01-23 10:02:00
db64fc70-e8b3-4707-a20d-7b6bc3340ca7,acb8809a-aa43-402f-ae77-2ec42e893228,yes,no,no,no,no,yes,2025-07-17 15:16:00
a81a553e-58ea-40da-8761-66fbc23c949b,2e84608e-e4f9-4ab3-abed-c1abf90db40e,yes,no,no,no,no,yes,2026-07-18 12:10:00
cf8f0c2c-c081-44e5-a7c0-cd7ef3a664a1,e2ff2609-ca76-4592-825a-371a551da2ef,yes,no,no,no,no,yes,2025-07-16 08:04:00
a6dcb228-ff1c-4ed5-878b-b604c90e9026,01657312-8bf4-4cc7-8f53-c6792975e758,yes,yes,no,no,no,yes,2026-02-03 09:15:00
ef7fabf9-2711-43e8-a064-559371a1690f,c03a1c33-8887-4ace-ae15-f38502732f65,yes,no,yes,no,yes,yes,2025-10-25 11:22:00
0e69d1cb-05f4-41cb-a3be-e85d641cddb1,1a8ad177-d8dc-4f83-a934-a46291fb0613,yes,no,no,yes,no,yes,2025-09-03 13:38:00
db331d97-6162-4d50-96f5-67414a8c70fb,84cd67b3-29f4-448d-b1d1-35b5514cd7b9,yes,no,no,no,no,yes,2025-11-23 09:10:00
eaf3d946-3314-43ba-9b1f-58044ad66998,bf635f97-5584-4f94-a13a-d6431a9c7cca,yes,no,no,no,no,yes,2025-09-28 08:20:00
98eb0271-79aa-4861-81f5-b868aa0bee70,bc1e8227-bc39-4162-8c20-ea8c82a2a2d1,yes,no,no,no,no,yes,2026-04-29 08:08:00
b687fbc3-9ce8-4fbb-82ff-74ba4872a455,a03070c4-77ad-4e97-8727-3abbd30ca42f,yes,no,no,no,no,yes,2026-07-06 14:42:00
0c6d7d7f-dc74-4154-91bd-9b8492eee0cd,b6b17bb1-5d9c-460f-80de-7bfcd2ce922c,yes,yes,no,no,no,yes,2025-11-14 08:28:00
bebfc1b8-3e3c-4f4c-973a-761cd5b885ad,197031ba-dfca-4f61-af32-cb30dc877e7b,yes,no,no,no,no,yes,2024-11-18 10:02:00
c7422491-f7d4-400c-8f03-a325e1a2288d,d55278ed-fb1e-4a1b-9116-b5f628014a34,yes,no,no,no,no,yes,2025-11-17 11:15:00
3bfa15e6-93ba-4c1b-ad3c-b7f528a3d09c,89a55214-8cd2-48b2-a53a-dd6085378efd,yes,no,no,no,no,yes,2026-03-30 15:58:00
7b4583b7-8afa-4c5c-95de-30883221edf0,8c463ec7-74d0-401b-ab96-ea372d06410b,yes,no,no,no,yes,yes,2025-10-08 10:55:00
3bbfaa89-abad-49b9-b3c5-9c9e3683e024,37aa0e55-28bf-4af7-9ace-d684de6b5f72,yes,no,no,no,no,yes,2026-03-26 11:49:00
7751ffa7-324b-457d-830d-3be2e1d5227e,9c943843-aed1-4463-a2f7-ddeba6563799,yes,no,no,yes,no,yes,2025-06-18 09:52:00
dce2db5b-b740-42f4-8bd6-9085a2f29141,7d05720a-d007-493d-9454-a82b980b73ce,yes,no,no,no,no,yes,2025-05-17 11:42:00
1c910c0c-2eb9-4265-938d-c966bce830bd,54b6facf-ec4f-4b56-b199-1f4c49327b13,yes,no,no,no,no,yes,2026-02-17 12:58:00
5f574874-b169-48b2-8846-51ced6a74660,a9955436-0e7b-49fa-abe3-d8f91805d028,yes,no,no,no,no,yes,2025-09-10 12:46:00
1db30a8e-7506-47b2-b7b3-a960f16c715c,c41ca486-dbe2-41ee-a981-b4037d879f4a,yes,yes,no,no,no,yes,2024-11-15 10:54:00
17f61423-2445-4a9e-808e-9bc39061e42a,6d63ab74-5d08-4680-a74c-bdc1b37dca76,yes,no,no,no,no,yes,2026-05-01 11:28:00
2f28e72e-ba73-4256-b71d-871cb119cac9,1ff53102-f524-4e53-93fb-49e584cb164b,yes,no,no,no,no,yes,2025-10-09 15:51:00
4911fc71-3f30-4cbb-a6fa-81bd75ab9455,00b17037-d400-4dff-9015-8b25f6f490f9,yes,no,no,no,no,yes,2026-07-12 13:12:00
c8db0bdd-a373-4f47-82a7-d6c5947ef495,f042c1c1-3dde-4647-bddc-aab05986d7b3,yes,no,no,no,no,yes,2024-09-10 14:40:00
38ad886a-aaa6-44c3-8e0a-a9f450223dda,fe05bf35-3b97-44c6-a7dd-757350f4d983,yes,no,no,yes,no,yes,2025-06-01 12:45:00
e7bf9064-5012-4581-b2a8-23655d96dabb,75bfba9d-4dc2-414d-bf30-01153edd908a,yes,no,no,no,no,yes,2026-05-04 08:35:00
cbe5682c-2883-474a-83f7-28a375b05f9a,d5aa1d60-d9c3-4956-b1b1-b8d9e7d7b5f5,yes,no,no,no,no,yes,2026-05-10 09:32:00
84c92015-a268-4004-ad14-5b828b543180,b30d62fc-d861-41ab-b81c-8f5f8d624691,yes,no,no,no,no,yes,2025-09-06 12:05:00
505d8773-ab6e-4a19-8547-4030b5cd747e,d09d09b0-c9ec-4723-9a60-c9ab8b291ea6,yes,no,no,no,no,yes,2025-05-23 14:19:00
386bb6e1-faa5-43e5-aab4-b07f97aa33bf,6911cfaa-23dd-4278-b8f6-8a557e268f32,yes,yes,no,no,no,yes,2025-07-11 10:16:00
9ede976d-9bb2-4c7e-9fa0-c20c6a31695c,d2543b90-a9c9-4cd4-8244-3ab6223536b5,yes,no,no,no,no,yes,2024-10-03 11:49:00
240c307f-b69f-4c07-ace5-25159f2d518e,0b23d63c-cf0d-4a35-a0cc-c1877d57eafd,yes,yes,no,no,no,yes,2025-10-18 10:45:00
d7ce047b-6aad-4ac2-bcd0-3252533ddfea,53c94caa-6c76-405d-b011-fdf88d4425ec,yes,no,no,no,no,yes,2026-06-02 12:22:00
37d6eee5-1286-4045-a2f1-5ed0ab38b136,1735900a-9b6b-4fce-a7f3-ad4fa5671acf,yes,no,no,no,no,yes,2025-01-02 12:54:00
51fb222f-020b-49a2-8280-821670855898,169cd9ca-d881-45bc-a78e-c5c031b47fe6,yes,yes,no,no,no,yes,2024-10-12 13:56:00
f9adecdc-a356-47fb-a7a7-b77a3397d9ba,d94b9bdf-7e65-4d84-9b13-235e8e86a0d7,yes,yes,no,no,no,yes,2024-12-01 10:11:00
788f9844-0867-4f89-8bd9-e85ad507fe83,d2acf484-385b-444c-9ff1-9bd6235e876c,yes,no,no,no,no,yes,2025-08-17 11:43:00
b5a1adb9-4b40-45d3-9541-bad2b86fe478,10bfb3f5-36f7-444f-b7ab-a6c25971282b,yes,no,yes,no,no,yes,2025-09-14 10:42:00
94a76ec7-d28a-4cff-b02b-6ad367003860,29ea352a-4a1e-4376-afb8-972e8fdecc76,yes,no,no,no,no,yes,2025-05-16 13:16:00
c25bbf45-f984-4391-8083-13d0baff7a9f,84205bf5-8a7d-4ac6-ab4e-963cd366dabc,yes,no,no,no,no,yes,2026-06-29 15:09:00
16311b27-0686-4f2c-9f3c-550044ec2ece,2a3950cf-9c04-4c94-a5e8-ee8e4a41769b,yes,no,no,no,no,yes,2026-06-28 08:26:00
931f8276-98e6-47aa-a44c-1a0d4beb2879,097e2669-1214-47f4-a4b7-367068ebcb9f,yes,no,yes,no,no,yes,2026-02-19 13:26:00
56c3c20c-67fd-4a7c-af28-d04e9707fd02,07888b0c-585a-49bb-82e3-e4a98a3465c0,yes,no,no,no,no,yes,2024-09-07 15:07:00
911507a1-a887-4472-a21d-5d16e7bd175e,1f3d92df-bd4c-455b-ae16-1c2bbf143724,yes,no,no,yes,no,yes,2025-06-18 11:48:00
e5e70bd8-9f86-4c1c-91fb-cbf33b4982d2,eedd09c9-d902-4a33-a350-94fd6ed36f43,yes,no,no,no,no,yes,2025-01-26 09:46:00
ba942741-6415-4c39-9f5c-54b4a1b46aba,32c5aeac-6fcc-4edc-95ce-1a140b1a29d0,yes,no,no,yes,no,yes,2024-09-09 10:29:00
7174f8ab-e461-43cb-b1d0-5c52bf1b16a6,c045e5f5-45c9-4de2-bb3e-e849493b1aac,yes,yes,no,no,yes,yes,2024-11-17 14:44:00
30c1b76c-f9e6-4373-8c54-7f61efdc1eac,5f72d095-3e4c-4e84-8a86-76dc02cbed12,yes,no,yes,no,no,yes,2025-03-25 10:34:00
283f8773-f994-4e15-8823-1444d20e83de,962776f3-0dee-457a-bfcc-5b416669541a,yes,yes,no,no,no,yes,2026-06-29 10:44:00
1b291e7a-f7b6-4d97-9d2d-40d266bad0af,984bfce1-442f-4ebf-8b83-f13ee16dcc72,yes,no,no,no,no,yes,2024-12-14 14:28:00
71425bc2-1671-4e5e-bcad-1a432890af14,0f658961-6275-4a34-bd90-7e758f369210,yes,no,no,no,no,yes,2026-03-31 11:02:00
7840d53e-9647-47ac-a0d3-031d5627c734,61a96335-da59-40a5-aee8-a643dc5fbf24,yes,no,no,no,no,yes,2025-05-17 15:22:00
77bc6a84-162a-461e-96b8-2a7a6e4a36bf,8b793d39-ae70-418d-89a5-2f02decae029,yes,no,no,no,no,yes,2026-01-30 12:41:00
319b0793-58c8-4574-a1e8-b0262f064e41,38e426f9-49e6-43aa-b097-5128012ba62d,yes,no,no,no,no,yes,2025-01-19 13:13:00
f13bddda-910d-4794-ac06-e9d4dea4c9ce,3d2cfb51-a2ab-4517-8a0c-2b24ce043e86,yes,no,yes,no,no,yes,2026-07-18 12:48:00
5b21a4e6-3dc2-4221-8ee1-31b4405745f8,aa284adf-058c-433d-8709-fceb3d3a59df,yes,no,no,no,no,yes,2025-12-11 13:09:00
002ce3ef-95cf-429d-9857-9d6e73d60cfa,c57c566a-8d6c-4e24-8164-e7cee334a183,yes,no,no,no,no,yes,2025-07-13 12:48:00
b4e5da7f-19bd-4468-8a67-5004f0a69cca,df258bc8-0fb4-4ba1-b4fd-0598b3cba6d1,yes,no,no,no,no,yes,2026-05-27 14:17:00
f8a5542c-2b1c-45be-92a3-8756026d0ad5,eb2cd807-9074-43f9-889d-1890d1ccf593,yes,yes,no,no,no,yes,2026-04-09 14:13:00
facac80b-1eb2-4eb1-95c2-2c70042ce48e,d4683117-005b-49dc-956f-ea4435a0574c,yes,no,no,no,no,yes,2025-11-07 12:49:00
50e5c1a2-f0a4-492d-a7fa-0dbfc99e6e82,8354aad5-e1c3-413c-98c6-85a6d7a9b4cc,yes,no,no,no,no,yes,2026-03-19 10:32:00
41da9e72-798e-4c18-85dc-f54331fa7964,d97c0704-4a90-44b9-a01a-63d9776d5830,yes,no,no,no,no,yes,2025-01-28 09:01:00
1fa6f663-874e-443f-9caf-f6be81422c4f,d3ee20fb-16ed-4484-9a14-3b2b96393502,yes,no,no,no,yes,yes,2026-01-31 11:24:00
6f084568-4bd8-4c34-8c81-74e6cc9103be,33b5ba30-7ed9-4242-8a3b-803dbe13a98d,yes,yes,no,no,no,yes,2025-08-18 12:36:00
7c8157d7-002c-4126-a0a6-eeee9fafc32f,6eab271d-0b68-4d89-aa74-3ef5f1fc6099,yes,no,no,no,no,yes,2025-04-02 13:23:00
8f0cc922-7663-43a5-9e33-94edc6b49b04,ee292f2c-af5c-475b-b92d-814a586e8b7c,yes,no,no,no,no,yes,2026-07-20 12:06:00
ace6899a-ebaa-4ee9-a5a8-f50cada75ce1,31b8cac3-12f2-4a7a-add1-49070d2a5a3a,yes,no,no,no,no,yes,2025-04-11 09:30:00
696ca4ac-960f-4a53-8806-b1f64275ad47,fa2f1bd2-3366-4667-a05f-7ced48c4c588,yes,no,no,no,no,yes,2025-05-18 14:42:00
40571aeb-6db0-400c-b11c-5d2273480c57,14b03848-e362-4931-be7f-5c99ad1acf51,yes,no,no,no,no,yes,2025-06-08 11:08:00
a77cf17b-ea6b-469f-975d-ef49d7a330f8,ff3db565-8190-4ee3-b865-0cddf9ba8c8e,yes,no,no,no,no,yes,2025-10-10 14:20:00
99a89978-ac1d-4dce-8021-3ce97608b057,718fe957-85f7-479f-a27d-32447ddaa748,yes,no,no,no,no,yes,2025-03-31 13:32:00
c29584d5-9852-4f9e-ad74-89b05e24ffb6,a7344a0e-5832-441d-991c-6f3377ac69bd,yes,no,no,no,no,yes,2024-09-12 08:57:00
315848e4-7125-4e5b-a347-2892681c64c8,bcb1dfb3-952a-4c04-9830-b380e7c401fb,yes,no,no,no,no,yes,2025-05-27 13:17:00
a3f77ca2-ee50-40f2-a1f8-6e11d5f567f5,e7ca10e7-94f7-48c0-b661-63eb1b4c232d,yes,no,no,no,no,yes,2025-12-27 15:33:00
469b8fb0-d082-4d1d-96a0-9cd2a0aa736d,dc18f7f9-8d88-4e04-8bce-c9c70c0b4a06,yes,no,no,no,no,yes,2026-05-16 13:59:00
45d8db4c-7eb8-4877-ad8d-3b2d273ccb88,b456e4e4-5085-452e-8ec4-03e8c5d16f29,yes,yes,no,no,no,yes,2025-04-26 08:55:00
d0b227cb-9ef3-4f30-9157-26c1c9671291,d946cd20-bb4e-4a2a-b5e3-d24231a2b760,yes,yes,no,yes,no,yes,2024-09-05 11:48:00
2deb36a0-b7da-497f-845e-4d0952725a9d,ae31e651-a450-432c-9d20-3aaea8a21ead,yes,no,no,no,no,yes,2025-11-28 13:32:00
c5e9fca3-974b-434f-b59d-3c29d923f954,3e8eb9cb-a10a-4144-814e-69b1c101ae99,yes,no,no,no,no,yes,2025-06-26 15:51:00
1fbfa56d-eb9f-460e-af26-9b7e4e4fb9ce,7ec85339-0e33-4d5a-a098-df1c83ac7a00,yes,no,no,no,no,yes,2024-10-23 11:54:00
95f0a8f8-9450-472e-940e-d8f366bea04a,fac769b3-c0ba-4c42-8d89-62d75c293d78,yes,yes,no,no,no,yes,2025-09-08 14:18:00
9d64920f-daa6-478b-bd29-daf66164e06b,3b7897b7-f9e1-482a-96ad-0e729d644d2e,yes,no,no,no,yes,yes,2025-01-14 08:20:00
70b83fce-815c-4c94-abe1-bc0fd63ada88,b9cb3aba-e6d8-4177-abdf-efbfbdd1fcc4,yes,no,no,no,no,yes,2024-12-26 13:59:00
a63fefd0-fd4a-47f8-9ce4-0ffa7fe90935,428971ff-8629-40e8-bbc2-90dbb7307ea5,yes,yes,no,no,no,yes,2025-01-28 09:59:00
c658e0f9-2e1a-4bd0-a74e-ad54103f3728,48eda7ae-f6b6-4ab1-9060-c46dea47ecef,yes,yes,no,no,no,yes,2024-12-15 12:16:00
5bd31923-c838-4c13-9c3c-7eb61b47d9ee,6ed169a9-9787-4fbe-a8c2-bb77ab0a51db,yes,yes,no,yes,no,yes,2025-02-26 11:25:00
3d2879bc-0dd4-40c7-a78a-195af88cb942,4ef70b1d-9b57-4ef4-8c07-e497ac7b9ac3,yes,no,no,no,no,yes,2024-11-11 11:14:00
95d2e4ff-d862-4377-9a6e-3e0507522267,400a8f51-bb04-44e9-bfa1-5b585443ec62,yes,yes,no,no,no,yes,2026-08-09 13:08:00
dcef9663-9fd0-4119-a1be-45cf4fcff24d,908c41ec-4f2e-43cc-805b-2e04860a4a59,yes,yes,no,no,no,yes,2025-08-12 13:44:00
6cd860f8-728d-40e0-a3f5-46d4ca1d1886,b8225637-e40f-4b86-874e-49f8382a70fa,yes,no,no,no,no,yes,2026-02-01 11:58:00
4e5ab4f4-2f90-417a-8a2b-213dd830dd12,2de4eae0-1b62-4b0a-aaa8-bca128159b03,yes,no,no,no,no,yes,2024-10-27 15:08:00
f4587e7a-79ca-4c70-9ab9-091fe53c4e45,5187bd10-c004-46af-b5bd-d23cfc87a8f7,yes,no,no,no,no,yes,2025-07-04 09:40:00
5d74060a-6cc9-4520-96cb-ae7c3442d3ef,389a76bd-bf97-4432-b03c-d8a4cd733b74,yes,no,no,no,no,yes,2025-11-17 09:59:00
05b84aa8-e138-4be6-9b7f-a418a3eee142,0f257fa1-1df6-4807-8a73-612f6b251ce9,yes,no,no,no,no,yes,2024-12-27 12:36:00
faa20c03-a132-4d72-a53f-c03aa3a68ade,93698b2e-2807-4a04-adf2-02e2423bff67,yes,no,no,no,no,yes,2024-09-30 11:46:00
8151b76b-d747-4b86-8440-72bfc7f5341f,cd678fbd-e6cd-4019-a6f1-abe9ba5e2d1a,yes,no,no,yes,no,yes,2026-05-12 11:14:00
7fb526f0-05d2-4784-bc1c-a602176094a1,4758f904-0592-419e-9bbf-4fe8494d3740,yes,no,no,no,no,yes,2026-04-17 11:55:00
905f4a73-9f58-4382-9b78-575ab2cd19c5,332a1cc3-4d85-4187-9ff8-5f1eade860a3,yes,no,no,no,no,yes,2024-11-28 12:18:00
a4a19457-1af6-4b2a-9f22-c8de6cc543b9,7af21e3c-9f72-4836-a5ff-2ed2ab4adc91,yes,no,no,yes,no,yes,2025-02-14 08:48:00
af540865-d6c8-4ef3-8205-eb87a10f2847,c91ecc9c-f176-4f5c-90f9-561c5bc76492,yes,no,no,yes,no,yes,2025-04-10 12:35:00
5b812562-e060-4528-a55e-9b7edcf5af15,52fb208f-9236-4abc-a5af-86e1791db2ca,yes,no,no,no,no,yes,2024-12-11 11:30:00
c8e76251-9e0c-4749-92f0-a6cd22f6663a,8ce72098-cf82-4b5c-b4bb-593ec7d595b0,yes,no,no,no,no,yes,2025-07-27 14:00:00
c49cb244-4530-485b-9a36-f24267f4275c,402f1ace-72bc-4d75-8f25-45a5b200b9e5,yes,no,no,no,no,yes,2026-03-03 13:50:00
c19f4a18-3f5d-43d7-aac4-95ed10e9e469,1498780b-ebd0-472f-a20f-17e28419eeef,yes,no,no,no,no,yes,2026-08-01 15:53:00
24240f66-ce42-4bdd-b9e9-519d562cbaff,a6594ef3-b2de-43a1-880d-736c0f8e74a6,yes,no,no,no,no,yes,2024-10-23 11:22:00
008c60a0-d370-4f10-a5e4-04447494cc47,a8621829-391c-4ecc-aa5a-36dc877cb654,yes,no,no,no,no,yes,2026-03-23 09:27:00
8cd0d05f-125f-4be7-9742-e571411d144e,573b4735-c6a0-45d9-adbd-aa2e7af0cf84,yes,no,no,yes,no,yes,2025-01-10 15:42:00
3d3ff527-7b56-4a43-92d1-ac686c8fc737,78840e34-8bc7-4855-a250-54dbfc04c791,yes,yes,no,no,no,yes,2025-06-01 10:25:00
f7026153-0c5c-491b-aebf-5392db83b8f6,e5985ab6-c2fc-4c54-b53e-8555d7b8b868,yes,yes,no,no,no,yes,2024-10-25 11:18:00
609c222e-ef99-408e-a3b8-f21a81a900db,21217237-13aa-47ac-a886-38bf8678b2c4,yes,yes,no,no,no,yes,2026-08-22 13:52:00
1d5b25fa-0678-4a45-9978-2c3540211420,c38e4ca4-0868-4e0c-83d1-9396a5c9dd1a,yes,no,no,no,no,yes,2026-05-28 13:44:00
0f84a68e-c925-4c80-9440-ec50b6511fe4,31dac15c-8e3b-4176-bc52-77172f1f0a8a,yes,no,no,yes,no,yes,2025-09-03 08:10:00
84236642-5ff1-4146-8e8f-ba350898b3a9,7b4613dd-395a-457a-b30d-f87e1d5e7c62,yes,no,no,no,no,yes,2025-02-26 10:04:00
05da311b-adf0-42ff-8807-e1935935d0da,a335dc52-28ac-40d4-8fa9-ec161ee121ee,yes,no,no,no,no,yes,2025-12-31 09:38:00
e29eeb5b-0d78-4b2d-b52f-d49b950c5c12,1e5e8eb7-4634-45aa-b6f4-85e8e46bf874,yes,no,no,no,no,yes,2025-02-11 10:27:00
59a1d980-7d45-4553-bad0-8f56c08d9e7d,7008acb6-5e5e-4ba3-a2e3-05b3d37d1834,yes,no,no,no,no,yes,2026-06-15 15:07:00
3ceb4618-e718-483c-965a-4638b231bcd1,c41ed6d9-2ef8-4145-9a4b-4cb4be708c20,yes,no,no,yes,no,yes,2024-10-22 09:14:00
641150d8-2ad6-4761-8ae8-bdb7f13050c0,d3ecde19-b99c-4bac-9b46-fd839ff3c4d1,yes,no,no,no,no,yes,2025-04-05 10:18:00
f0717804-77dd-404a-80bf-39478e3a3d4a,527d222b-38da-414b-8a6c-1ed55750cab3,yes,yes,no,no,no,yes,2025-02-18 08:21:00
29cb13ba-8dd3-4721-9871-55a74705bd8f,757553a4-2731-4b0f-b3c8-a79e1d93e0c8,yes,no,no,no,no,yes,2025-10-04 08:39:00
4c042907-c0bd-473e-8106-feb2f82ec0f3,252948c4-54fb-4845-80ba-4143bf002c23,yes,no,no,no,no,yes,2025-08-23 09:05:00
6bc8f7f8-06fe-4025-9c0c-cbe0d73a8dc1,d93b1964-1bef-4d06-8d3d-10a88a385a7a,yes,no,no,no,no,yes,2026-03-22 08:56:00
59d9f763-1869-4d36-8b7b-39027c67e581,db3ec6ae-50b4-452b-8976-327ef4f26430,yes,no,no,no,no,yes,2024-09-24 15:47:00
38cc0ec4-c8cf-479e-83fe-f2c7ffcb0e30,504efcf5-594b-45a1-b416-c32cad07070e,yes,no,yes,no,no,yes,2025-02-23 10:09:00
15842499-8cda-4b32-9f49-11056e50e32a,1a219fdc-3060-49b5-9f18-38d511b86dcc,yes,no,no,no,no,yes,2026-02-19 11:09:00
416a24c4-309f-42e3-96bc-32d18365d54f,1c4d8ee7-0501-4f33-b817-e35437372adb,yes,no,no,no,no,yes,2024-11-18 10:00:00
f9de3a8f-74f9-4345-972b-2f73797c5067,b03e8d55-04c7-49f2-8ee7-8144313f93ab,yes,no,no,no,no,yes,2025-02-27 09:10:00
fe1c6091-81e0-4ab9-8fdf-fca0d5df5e1b,f71bca8a-37f6-4e50-bf56-84f37e8312ec,yes,no,no,no,no,yes,2025-09-10 14:05:00
b29894b8-14ab-4293-9661-88306dfb8815,9fd72fab-1466-40a5-995e-7dc88af79d5a,yes,no,no,no,no,yes,2026-01-21 10:59:00
66d24127-7f7c-4f62-9a2c-56f4e59fc667,3405d2fe-ff55-4d4f-9728-08c2bddedb3e,yes,no,no,no,no,yes,2026-03-06 08:44:00
973bed1a-e58a-4d3c-9164-20865239f40e,cd8f98a5-f16c-4436-9eda-3a2afc425239,yes,no,no,no,no,yes,2026-08-19 12:08:00
78944c97-6811-49c0-93d1-2f2e59be1121,fc2e56b1-de8d-4ea3-989e-236f5b915bbb,yes,no,yes,no,no,yes,2024-11-04 12:39:00
b2c00c64-3b5e-45af-bda2-4dd79a551928,3db4a4e3-33c5-4701-8477-b9033e984099,yes,yes,no,no,no,yes,2025-09-11 08:48:00
4d374502-405e-4d6a-b6f4-8c5f9f579e7e,13031624-47e0-4519-95af-f0108a8a07eb,yes,no,no,no,no,yes,2025-11-28 14:34:00
1c15f517-5e5b-481b-bb47-3e41352f9cc6,914a9964-5711-4318-bdf5-e9cdab76763f,yes,no,no,no,no,yes,2025-09-29 11:11:00
99fd8804-7cab-4d22-99e6-c2a0a55f64c7,4e8533b0-8289-479a-ab0e-7e73d253122a,yes,yes,no,no,no,yes,2025-08-08 10:59:00
37e3c1de-c044-4691-bd6e-4dbddeca2aa9,304665d1-af8d-4b1f-87db-c020ace1d71a,yes,yes,no,no,no,yes,2025-06-14 15:37:00
b74e39dd-4b9d-4b6c-9e34-71830e38abb2,40f77a3c-00b1-451c-8e18-9a42b9d7638c,yes,yes,yes,no,no,yes,2026-01-16 12:05:00
d0f3f022-0f2a-45ce-9935-b96f06da2d27,51dd2d45-6020-4f0e-b7a6-a039925f3405,yes,no,yes,no,no,yes,2024-12-20 09:43:00
504aadba-28dc-4996-a5a9-d92b19e7c01c,764ffbc2-5171-4340-937d-4854eea8b0cf,yes,no,no,no,no,yes,2025-09-25 10:51:00
e1eec96d-fa9b-4d03-bfac-bac29e3874d2,4a994b08-a94e-47db-9e8b-1d9ad1fab2d0,yes,no,no,no,no,yes,2026-02-16 15:41:00
e718fefb-ffd6-4558-ab94-cc323a3e5f7c,e7e74541-d4b4-4000-a6d2-dc6727622494,yes,yes,no,no,no,yes,2024-10-23 09:04:00
fb289813-723b-47fe-a0ff-14003383a535,4fc4e62b-d989-40c0-9b3c-70aa1b6f477c,yes,no,no,no,no,yes,2026-02-16 12:45:00
