id,patient_id,number,phone_type,active,dnd_status,created_at
daeed4e5-9c62-4f41-a87f-d2eb39645cc3,f8e2b62d-d157-4b50-a89b-d3a16a6e8a15,08079021230,mobile,True,False,2026-02-21 15:32:00
99edd3d4-cc33-4c93-85a7-3a556fe131ce,40151ba6-8b25-4cab-8d09-d7fb89a5581c,08000301042,mobile,True,False,2026-04-30 11:03:00
4e23cdb3-3767-4cdf-b5ca-c0fc2681b122,8734546b-8938-4c93-840a-3d2ac330f09f,08052158709,mobile,True,False,2026-04-05 13:21:00
83100633-7ed8-4037-9f23-bf54d9855654,7e19ac49-86e7-48e2-b27c-573379b12bf3,08080648082,mobile,True,False,2026-06-30 10:11:00
ea47fd5d-0edb-453a-a6a9-f89505f352fc,42a76c5d-df8f-4d62-a78e-86c094370f18,08032640912,mobile,True,False,2026-01-23 10:02:00
2d5d2958-7059-4033-bd29-95f8f45c8343,acb8809a-aa43-402f-ae77-2ec42e893228,08083023354,mobile,True,False,2025-07-17 15:16:00
55518ebe-a65d-436e-b651-678887f2761a,2e84608e-e4f9-4ab3-abed-c1abf90db40e,08038546245,mobile,True,False,2026-07-18 12:10:00
f619ee05-b3d1-43a5-b54e-4677b3f5c985,e2ff2609-ca76-4592-825a-371a551da2ef,08049666938,mobile,True,False,2025-07-16 08:04:00
e25376f4-e942-42a5-86d1-7a3316920355,01657312-8bf4-4cc7-8f53-c6792975e758,08010882043,mobile,True,False,2026-02-03 09:15:00
89a3b0e4-2196-4efa-ad74-75cad4a41756,c03a1c33-8887-4ace-ae15-f38502732f65,08026269623,mobile,True,False,2025-10-25 11:22:00
b032fb2a-ace0-4fd8-817f-9ace24cfca54,b31efa01-66d2-4a02-80ab-5ebfe5d9402b,08091299907,mobile,True,False,2025-04-20 10:12:00
62118bbc-7fa9-4d8c-8305-045d9653aee2,03f47352-6e4e-48f7-8e4b-d41332fddb79,08055333862,mobile,True,False,2025-01-28 13:30:00
36d94439-1817-4ac5-ae1b-1f4891468738,eddb68f1-5584-4f94-a13a-d6431a9c7cca,08025211707,mobile,True,False,2024-12-02 08:20:00
9c9dc012-0350-43d3-a4ba-a857f7fddcad,45edd6bc-2f9b-48e6-bc71-cd217115c2e7,08010692265,mobile,True,False,2024-10-26 15:06:00
26b1eaf5-bcf8-4e36-aed6-96a9e757021c,1e1f5e18-3358-4b57-a2cb-a56888a00431,08095550775,mobile,True,False,2025-06-19 14:42:00
63b29f28-4eaa-4d51-8a84-31ff7145a7c8,49d11f73-55df-4624-9dcf-8e561d93283c,08019527858,mobile,True,False,2025-08-01 14:00:00
8e0ea875-c54a-4575-a006-c02f1a24af79,190104de-0ba5-4397-9f72-f60753ec5d7c,08013306866,mobile,True,False,2025-04-30 13:12:00
6372be3e-841e-430f-abc8-a14a11064d6e,0e778d8b-756f-4296-8e08-f37a9fddb388,08042996926,mobile,True,False,2025-01-12 09:58:00
cbeefb94-9e00-490c-b3f7-adfe31ede6a5,ff7786fb-eaee-4619-9b9d-8d88f1f02580,08090801083,mobile,True,False,2026-02-17 09:30:00
519f91af-7d98-44af-a12a-4bf1f2becaf1,e5529671-98ba-4743-92aa-8f2cdc13f5fa,08070255734,mobile,True,False,2025-10-18 15:37:00
6bec5e53-ed65-4df2-a0d5-90d907921c7c,5e8cc60b-b43c-4e17-9636-3f22a40d6c85,08000160590,mobile,True,False,2026-07-24 08:15:00
bce830bd-9212-43c7-b53a-14ce3553d898,b630b481-8e86-46c4-a77c-3729121d9a9f,08045155034,mobile,True,False,2024-09-29 09:37:00
5b76f5ce-956a-460b-9db3-0a8e750667b2,660c98da-86e3-4aea-9e53-12e4b86827e0,08037403877,mobile,True,False,2025-04-17 14:26:00
ff43ce3a-4801-434a-bdeb-346e45cc1628,ba45212a-b08c-4297-8890-d01f9c4b005a,08076526024,mobile,True,False,2025-01-08 08:08:00
9a0bf9da-cc90-4bc4-bf56-44423dcc1801,d1e2aae3-588e-4652-917d-0b1f71c1ac6f,08090610962,mobile,True,False,2025-11-16 14:50:00
95a6d1b0-a08b-49e6-8133-6c004f34b872,0fd362ad-a3f3-4a3f-b444-fad3eaabfe3d,08059713502,mobile,True,False,2025-12-02 10:43:00
819eac1d-9130-43c3-9ab3-4c5251caac05,c028c0c7-454f-4ced-90db-649ee107f187,08025130048,mobile,True,False,2025-05-06 08:03:00
d04e07d4-fa86-46c7-aa38-4970c8298a61,685a1226-8c12-4bcd-be1a-c48d4de34785,08052298045,mobile,True,False,2024-10-28 09:07:00
6ff2f67c-386b-46e1-baa5-33e5eab4b07f,4ce43022-54cb-4821-bbe7-25d31133b546,08021527827,mobile,True,False,2026-05-16 13:34:00
a846ddf0-efbc-4e96-a25b-3976e9a1d1db,47089c1a-b2d5-4e4b-889f-d9e3cdfe3438,08034937195,mobile,True,False,2026-07-09 15:28:00
dcd5696a-46f9-478e-acd0-729ed18ea1fd,b111e260-f948-4f43-b760-2a3e8e2f9ae1,08082959375,mobile,True,False,2025-03-13 14:07:00
649f350e-5a05-4e36-98c4-f8423419de0f,29946e98-3bdf-4d1c-9349-4bdce1176771,08017403687,mobile,True,False,2024-09-23 10:38:00
17479c79-3603-42f5-85ab-615a007dc299,f67f7a0f-a717-4895-a676-2c8eb8e1f664,08002648368,mobile,True,False,2025-01-12 08:50:00
f5de5c68-9efa-4e53-9cb4-29b1379779f0,7dbc8658-6649-4104-85b6-99076373c2fb,08086980191,mobile,True,False,2025-08-09 11:42:00
91a4c835-a5a9-470b-8064-09a6ac96482d,c39123e0-87c5-4428-9d5f-d0bb19bb0c30,08092151120,mobile,True,False,2025-07-04 08:39:00
dc600fc8-c0a5-41fb-9a28-51e1208ed6d1,c6b1e3b8-bac6-4037-b530-a771fdf169b9,08086065659,mobile,True,False,2026-02-25 12:27:00
227a6fe3-22a7-41e4-936d-7c1a317feb9a,5bb6e67a-8845-4fbb-8fa6-e514788f9844,08082534705,mobile,True,False,2026-04-30 13:08:00
c0f7318a-232c-4722-8c98-93c749e4baec,6a4a575f-b72d-46b3-a4fd-fd070951c9f3,08088291102,mobile,True,False,2024-11-20 12:09:00
4cef37af-5869-4ccf-bdbb-41e32605f0b5,4a1ec376-6fb8-472e-8fde-cc767779c9c5,08078636086,mobile,True,False,2025-10-01 10:16:00
896fa21c-a6c2-49c3-a8c5-88dec30614c3,84205bf5-8a7d-4ac6-ab4e-963cd366dabc,08024682287,mobile,True,False,2026-06-29 15:09:00
d2cdd5d4-7f3d-4c69-bf2b-0c48876840ca,2a3950cf-9c04-4c94-a5e8-ee8e4a41769b,08017212520,mobile,True,False,2026-06-28 08:26:00
ead07191-43bb-4d93-9ddf-6fb1f772152e,07888b0c-585a-49bb-82e3-e4a98a3465c0,08041685077,mobile,True,False,2024-09-07 15:07:00
43833be1-7183-40ff-a9a8-f316278e1659,1f3d92df-bd4c-455b-ae16-1c2bbf143724,08088793237,mobile,True,False,2025-06-18 11:48:00
d0a893d4-7202-4ffa-b366-d92855241449,eedd09c9-d902-4a33-a350-94fd6ed36f43,08023804546,mobile,True,False,2025-01-26 09:46:00
80ff28b4-36d7-4027-b110-ab9026b70902,32c5aeac-6fcc-4edc-95ce-1a140b1a29d0,08002216748,mobile,True,False,2024-09-09 10:29:00
725f6cd6-d2fb-4a8d-a4be-d5f592ef3581,c045e5f5-45c9-4de2-bb3e-e849493b1aac,08015665382,mobile,True,False,2024-11-17 14:44:00
ff8cad48-4d9e-424a-a9ce-5f464db78849,86c103c7-fa93-4fbc-bb51-a3a38ce56dcb,08088832032,mobile,True,False,2025-06-02 13:17:00
37b6f381-a652-49d1-94f1-23b775aeafce,f569792c-986b-43cc-bfde-c7c3af3abc45,08053928585,mobile,True,False,2025-08-13 11:37:00
c9064db1-198e-4f9e-83c9-3ae02f89cfac,1c6eec47-1dab-4137-93f7-a7795ced710b,08055392136,mobile,True,False,2026-08-06 14:55:00
93c810d4-b704-4f78-8a6c-e97a45a1f271,f6885a65-9e45-40fa-939e-d9b990179336,08027550128,mobile,True,False,2026-08-13 09:15:00
bbd828d4-1052-4777-ae80-4204a93dad22,7c0be68b-b811-4e9f-b82e-0a18f5642588,08065736481,mobile,True,False,2026-04-01 10:58:00
2ace7bfe-432e-484d-8c10-42f447bb4144,36a4e102-2aab-4338-aa5b-328dbe03bdfe,08029673244,mobile,True,False,2024-10-03 10:19:00
9dfd7303-c9a5-4c32-a95e-867d0802aec2,16e33280-51ab-4491-a51d-8a019903f867,08041290611,mobile,True,False,2026-03-02 09:36:00
fe0dc286-2969-4892-aa38-6a53f4ff7d03,db18b64f-af66-4380-af94-00c4d382507a,08077932294,mobile,True,False,2024-11-21 13:46:00
213847eb-3366-44a7-aac8-aaf30923be16,6dc78665-8779-49fa-8165-97f046db29da,08012144214,mobile,True,False,2025-09-13 14:51:00
3fcc4d85-8249-40a5-aa62-aa2ccda3dfa4,4b96a8ef-cff9-47de-8c75-34656f0223cd,08014733922,mobile,True,False,2026-05-02 14:32:00
ac25051f-c5a1-4b87-bb29-007a119cfb34,1022e139-b14b-4027-bddf-f3b04289a9ba,08089053815,mobile,True,False,2025-06-08 14:11:00
e09f06b7-f85c-4fb0-bc4c-1a03b437de9d,a1ce95ba-5882-4230-9f23-d39f31b6a879,08059910983,mobile,True,False,2024-12-25 09:46:00
8c11c6b3-5669-4565-ac71-66d70887b0ff,fdbe6cc1-ac17-4be9-82b8-2cf4dcc7f922,08031157109,mobile,False,False,2026-06-14 12:33:00
5da070ec-26a1-4a10-9797-b134d1612239,23333f75-45b0-49a6-bbfc-c2007aceb1d2,08058501826,mobile,True,False,2025-01-02 12:41:00
97f15ccc-bece-4a15-9cc5-a379f27873fc,72ab4d9c-1198-4df9-b08f-5c48c77be37d,08025766453,mobile,True,False,2025-01-21 12:26:00
72306cd5-ba26-4eb3-b49a-ddcd482e64d7,7f90f51c-c8a0-43e2-b5d3-ec063ab396c5,08045827597,mobile,True,False,2026-03-20 08:10:00
0cb3efa9-9dbd-4034-997c-0704b26b636e,62cf1978-d10c-4e43-b5ad-468f64817241,08071710803,mobile,True,False,2025-08-11 14:40:00
e7857e13-8ba4-45e9-b855-afc83809e820,dbd8996b-c9ab-4d8e-9be4-d81cb1696378,08051728655,mobile,True,False,2026-06-28 13:10:00
70d6e012-741d-4c36-b8a0-9ec7db519a40,221059a4-9f29-44d9-882d-90e73097605e,08075939317,mobile,True,False,2026-02-27 13:11:00
9409401b-78a6-4ffc-93ca-ceb73e093935,be13a98d-40b0-4470-b20b-6d5b9545d379,08075119690,mobile,True,False,2026-05-23 14:10:00
9da83f42-88e6-4392-bdd0-dbb6674d06a0,9a470b20-2c7c-4bdc-a9a2-20a04c70dd81,08027395466,mobile,True,False,2026-08-16 12:53:00
edd386d1-8004-4009-a2be-aeb735262693,a9b32c82-3b4c-404f-a634-bef308b5364e,08011715668,mobile,False,False,2024-11-05 13:07:00
8978fa61-f6b6-4067-8d5c-1f53fe11ca6c,8b9236d7-608b-4488-a804-43b67ade6611,08093202062,mobile,True,False,2025-01-30 13:19:00
34b526fa-41ce-455f-92ad-fc788c33ecec,b98987ef-220d-44c1-9d17-ddaa5b979bc3,08040231015,mobile,True,False,2025-07-16 14:28:00
b91c316a-0af2-4623-a3ce-7ce16f1066f9,68239fc8-f6e3-4a03-abbd-c417cf2adc41,08066054115,mobile,True,False,2025-05-05 08:15:00
97ef6b2d-30bc-4cee-804a-00c355027208,c9e0f882-d57f-4ce9-9f3d-fa3b668c0761,08047776392,mobile,True,False,2025-01-19 13:15:00
870857c7-39eb-4cec-afb6-80993aa7cfaf,fd202383-5024-46d5-9f1d-0a4507ea53bc,08056702203,mobile,True,False,2026-06-22 09:51:00
77be989a-8d2a-482f-9ff4-a18c6a8d73ed,79e759b4-5b4e-483e-a181-9ce30a07f815,08008992643,mobile,True,False,2026-03-06 11:45:00
20698e4d-51ae-4615-a6d3-b80fb7da95fc,656a87ea-e4a4-4c2a-b68e-21ae4fb9c950,08038654178,mobile,True,False,2025-06-22 12:46:00
85ab6cfc-b993-4f21-8e6a-2fcc9d0b6244,5c2e6905-2abb-4ff4-8200-eacd542a075c,08077015774,mobile,True,False,2025-02-15 13:36:00
1ea86d66-ca8d-40ab-b470-dfd4f8f1a837,c8d8b108-1da8-44be-be1f-d5d8791c2f27,08087869831,mobile,True,False,2025-12-03 13:43:00
e4aa23f5-2ceb-46cd-bb0f-889da602eb4b,589e9ec7-d3ae-4ff9-b4a9-d267de3472bc,08040016500,mobile,True,False,2025-08-10 12:29:00
e5364753-5ca0-4cd4-90d2-4b952462c77e,78263746-34bf-4880-9fb3-5b5d848cb93b,08000704845,mobile,False,False,2025-12-06 12:41:00
2ace5ef7-2b5c-4a3c-a287-e4a18e256ddf,63d04fee-ffc8-4f4b-8c3d-6db2260905d3,08071318505,mobile,True,False,2025-09-25 14:24:00
91553aa6-1f3c-441e-9b58-097e5e31baa0,2fda0b20-422c-40ab-8293-2cad5cdb996f,08036161238,mobile,True,False,2026-04-30 10:06:00
4961ff21-f002-423d-b78c-931005078318,6f17d04b-7b52-4995-b382-60c604cf2a7c,08085133576,mobile,True,False,2026-05-13 15:46:00
bf1338a0-3b80-47fd-a9d2-8ab271d5601d,2e62a7f1-e111-4caf-9c6c-87d4248d6a12,08094193482,mobile,True,False,2026-03-01 14:57:00
be65bd43-cef6-4076-b0c3-a49d7faf98b5,5ab8c501-8e1f-4451-bf46-9deb4b2301c7,08059323105,mobile,True,False,2025-02-02 09:22:00
70db91f6-6260-4c1e-a272-d7b2a5b950fe,434e4bce-8fa2-468c-9cff-d8535a8772f7,08048174779,mobile,True,False,2026-07-07 08:50:00
7447b5c4-3648-47fc-ae92-872c8997a983,57be9f2e-3b18-47d7-bbff-ec4155ce70ee,08002128833,mobile,True,False,2025-09-22 09:21:00
f03005c5-dfcc-43e7-86bc-15d464e1bb9d,4b6dc21f-8e7e-4070-b29a-10c76e4df416,08081497129,mobile,True,False,2026-02-25 09:24:00
43c64614-bc1a-43e7-a336-522feed67fac,77ee44bc-9a73-49ec-ad94-413cb4b5b665,08013477431,mobile,True,False,2025-03-16 09:00:00
f8a6eb33-c69e-4b49-9877-e4298ffaf4c4,db39535e-72b2-447b-97d7-5794ec05c0d3,08097283646,mobile,True,False,2025-06-18 14:36:00
518f65bd-37b4-480b-bcd4-c7241184e541,0ad936e4-b8a7-4d27-b119-f84e6a5dae90,08063224546,mobile,True,False,2024-12-05 15:36:00
b299c3e4-d6f5-4ee2-ac7d-a6d2aea053ab,11347554-5848-4429-9b1a-4b001166c0dc,08091721039,mobile,True,False,2026-01-25 10:07:00
bf48fe86-830d-4258-ae0c-01e8346982d5,ac93be13-9f9a-46b0-af7c-270335787ca3,08096710821,mobile,True,False,2025-11-27 09:36:00
ccccd449-450c-4b30-a29a-1c5d2f6f5ea8,cb8efcbb-3cc0-44a5-82aa-26cc5df40c1a,08018797336,mobile,True,False,2025-02-27 12:41:00
a5e299c7-4dc6-4a67-86b8-47f7f4587e7a,bfb98cad-0fd6-44fc-ad3b-117aa35c4ef9,08028702389,mobile,True,False,2025-08-05 12:05:00
bc3e43f5-839e-4645-8460-b666f113f381,1c26dfbb-5120-4c67-b664-c81be702497f,08037189732,mobile,True,False,2025-10-20 13:43:00
bc5ee6a8-01ea-4b1b-9681-0026bf6868c7,081b4666-f27f-45c0-8a28-b61cf6554da1,08096137298,mobile,True,False,2024-10-28 11:28:00
665290e1-116e-4108-8fa6-dfcacbfb4c12,35c7d840-a62b-47d1-a566-ad6f8a7bed3f,08076710364,mobile,False,False,2025-09-28 13:46:00
176094a1-5bed-4ee9-993e-01afbeb1a18e,6ee6c0a8-2dc8-4633-acf3-5fda321d99e2,08097434950,mobile,True,False,2025-09-23 09:36:00
984c17db-7025-4c54-8b92-da22ad0a2fc0,6126f9c6-7b5d-4432-8ea8-c6fcfd6e051c,08002121332,mobile,True,False,2026-07-30 11:47:00
9e0e92ed-027e-4652-97dc-45fad489bcc5,a579a1dc-4f76-45af-b375-2b116b7ccf14,08010014834,mobile,True,False,2025-11-08 09:22:00
b4c08f8a-a5b2-4428-895e-3c3251285683,dcb60ae3-ea94-4e7d-b538-3535f1e6c94b,08094726051,mobile,True,False,2025-03-05 12:08:00
ab9068d6-5979-43db-a29d-d5a052a97878,2a472947-416e-4933-86da-07bfdd168d3e,08040099151,mobile,True,False,2025-05-10 10:38:00
5d52d764-6cfd-4b49-b1f6-0959540378ba,bf755a35-6aea-4081-bb6a-a73f44be460d,08054433817,mobile,True,False,2026-05-20 10:20:00
91b2ef6c-f7d7-4d12-b470-2594f52b5b7e,4e6b570e-cfba-49fe-ab14-b4e9404e6490,08092131441,mobile,True,False,2026-06-19 12:59:00
ec1ec0fd-e372-421d-bda2-fbe14ef4bdbc,29e72b92-a189-4b24-a32b-e9ffa9b792bc,08049440367,mobile,True,False,2025-04-12 13:51:00
ebc7efd8-482b-49df-a5c8-b4f6ce82f380,07d89540-f6c5-4657-8663-cedca90953e6,08029795015,mobile,True,False,2024-10-05 12:06:00
01d36884-1669-466b-8e75-84724327eac0,ea20f70e-4cbd-4dfc-b8f0-081ba72224b1,08049041576,mobile,True,False,2025-04-03 08:51:00
76568994-a9dc-49b8-859e-16162cf4d761,c8df0dbe-f113-45ef-a379-988535062c68,08034543972,mobile,True,False,2024-09-29 08:52:00
d0ad4923-98d4-4edd-b525-0ee47eb8b702,c2ab748e-fe12-42e5-8d7c-d13e79ed8590,08064953353,mobile,True,False,2025-11-12 08:38:00
84e8a251-eb2e-4820-9616-18295621d52c,d23236c6-4195-4c3b-b07e-a4e35fae7111,08074299278,mobile,True,False,2024-09-03 10:31:00
addef8e0-5c32-44f3-8a46-a1529afb6350,0c8312a5-2014-4322-af85-138f54879d4a,08061879716,mobile,True,False,2026-06-05 08:24:00
1708e763-e0c1-4104-ae04-3bf2646a8b7e,8967c811-9c7b-47bb-b9de-3258c3cf1852,08049718924,mobile,True,False,2025-07-02 08:42:00
cbe25f41-81cf-45cb-aa5a-e9cbc3704cb6,17ab0418-4430-4b70-a6fb-2facaf06518b,08059988800,mobile,True,False,2024-12-13 10:52:00
7f8ee030-f6f9-4310-905c-ea9c76066978,a8743c7e-8645-46d3-8dff-c9bd73e5be54,08069431834,mobile,True,False,2025-11-14 12:28:00
8d788f9d-7adc-47de-bc2b-34614b132800,4117c81a-3efd-45ab-918a-5049de0dc4ab,08013953155,mobile,True,False,2026-02-03 10:08:00
660f6e9e-39e9-4b34-993f-318ad6edcc2f,e0160c63-fed6-4e74-8080-aedc8a4b0fe3,08097259194,mobile,True,False,2024-10-19 10:24:00
a840782d-1ed0-49ff-8fb0-f4b81c1587ef,170d13b9-cb79-4eff-8737-839541b33bae,08034159829,mobile,True,False,2025-07-12 09:37:00
b4873dfe-8385-4b9e-a147-2f6d61bcd07d,56c815c7-5e7d-448f-a4e1-8caff36f7af9,08071256786,mobile,True,False,2026-08-02 15:58:00
79416f24-c8fc-4ff3-9cd6-44bd109ea0cd,7ce2bcf9-4f74-4f94-97d3-d8253a9a3b45,08069180159,mobile,True,False,2025-02-04 15:11:00
a68b45ba-e6ea-4fb5-8412-c5da3a0f4036,c0903911-d00d-4541-8567-94b254c2126c,08092662425,mobile,True,False,2025-08-25 11:17:00
e814c78d-5111-4668-9f84-e6275054bb19,741ae867-6c2e-4fc9-ba0e-be00deedaf73,08059275525,mobile,True,False,2026-03-04 12:43:00
35106194-0123-4c20-8592-26fcc15df98a,6e8d8317-1846-4962-893b-7ca50d34ce3a,08051905017,mobile,True,False,2025-02-26 08:31:00
704e4064-623a-4ba9-b0ab-fbd1ed288919,ab9760fc-f4d5-437f-943a-be667db65486,08034784853,mobile,True,False,2024-12-11 11:44:00
517ae25d-f555-4d65-a491-5dac85f17487,8f9159ce-fc29-4019-a52a-fd75b04c3fd3,08080450191,mobile,True,False,2026-05-29 11:02:00
a09d299c-d64d-45f6-a61d-7b0cddc51d2c,263fa52d-c41b-4a60-b0a5-fa47d9ff6334,08001512661,mobile,False,False,2025-06-04 09:05:00
7261963d-e00e-4dfa-9cda-b2187552e4d1,65bc649e-6b66-421b-88a9-e2f2baa42107,08046918691,mobile,True,False,2024-09-13 11:49:00
309fd2e3-56bc-42d1-8365-d54f5dbed0c5,c0313c91-4a5e-40fd-aff4-6a90b55e1a58,08065813317,mobile,True,False,2025-04-25 13:34:00
b8e70873-9cbd-4845-9528-92ada3dc6751,b03e8d55-04c7-49f2-8ee7-8144313f93ab,08031168650,mobile,True,False,2025-02-27 09:10:00
e2e876da-8a70-4077-9c25-66aff1417d76,9fd72fab-1466-40a5-995e-7dc88af79d5a,08017157019,mobile,True,False,2026-01-21 10:59:00
b630da11-3b78-47f7-a035-d8003e8a67b8,3405d2fe-ff55-4d4f-9728-08c2bddedb3e,08062579576,mobile,True,False,2026-03-06 08:44:00
59d068e6-03af-4c03-9520-eb95c0bae219,cd8f98a5-f16c-4436-9eda-3a2afc425239,08029370067,mobile,True,False,2026-08-19 12:08:00
a80e86a6-b067-4e9d-8e6a-47745fd0de45,fc2e56b1-de8d-4ea3-989e-236f5b915bbb,08078677353,mobile,True,False,2024-11-04 12:39:00
72e8edf6-4096-4274-8991-10e39af8116d,13031624-47e0-4519-95af-f0108a8a07eb,08004818259,mobile,True,False,2025-11-28 14:34:00
08cc6a9b-05af-4a4f-aff0-901bb0a0eedc,914a9964-5711-4318-bdf5-e9cdab76763f,08069806904,mobile,True,False,2025-09-29 11:11:00
833d8a4c-4d8a-4bdb-9c29-09a801544684,4e8533b0-8289-479a-ab0e-7e73d253122a,08021473359,mobile,True,False,2025-08-08 10:59:00
9e064616-4ca4-4775-9128-34830d7c09e7,e5aaf2e8-b61f-4cf0-8734-b7969d670edf,08078402908,mobile,True,False,2024-09-30 11:42:00
