id,full_name,age,age_updated_at,date_of_birth,gender,status,reminder_consent,registration_facility_id,assigned_facility_id,registration_user_id,recorded_at,deleted_at
f8e2b62d-d157-4b50-a89b-d3a16a6e8a15,Funmi Ibrahim,53,2026-02-21 15:32:00,1973-11-06,female,active,granted,5f213a58-b179-42d7-9c05-e29474526e82,5f213a58-b179-42d7-9c05-e29474526e82,8e0d0bd7-32bc-44e0-8bb3-7f4f4b13cf78,2026-02-21 15:32:00,
40151ba6-8b25-4cab-8d09-d7fb89a5581c,Funmi Ibrahim,51,2026-04-30 11:03:00,1975-01-18,female,active,granted,ffe42279-f3bd-4683-a6a8-52c1bb9651f3,ffe42279-f3bd-4683-a6a8-52c1bb9651f3,cd18ec08-f6a4-4724-926f-acd2aeb0daf2,2026-04-30 11:03:00,
8734546b-8938-4c93-840a-3d2ac330f09f,Lateef Nwosu,60,2026-04-05 13:21:00,1966-05-24,male,active,granted,da845e7d-fedd-47ac-b12d-fb734b6449eb,da845e7d-fedd-47ac-b12d-fb734b6449eb,e18956f3-25d3-4ad3-9e29-e476c974b1e2,2026-04-05 13:21:00,
c0bc4a7f-959e-45ef-9928-94cc3c943cd7,Adaeze Yusuf,52,2025-08-15 08:22:00,1973-04-07,female,active,denied,ffe42279-f3bd-4683-a6a8-52c1bb9651f3,ffe42279-f3bd-4683-a6a8-52c1bb9651f3,4519b91f-242d-4e4d-ae0c-da1f0c701874,2025-08-15 08:22:00,
7e19ac49-86e7-48e2-b27c-573379b12bf3,Funmi Danjuma,64,2026-06-30 10:11:00,1962-12-10,female,active,granted,ffe42279-f3bd-4683-a6a8-52c1bb9651f3,ffe42279-f3bd-4683-a6a8-52c1bb9651f3,353297dd-2e3c-46c0-a49c-7fd69ac2c389,2026-06-30 10:11:00,
42a76c5d-df8f-4d62-a78e-86c094370f18,Amina Olawale,55,2026-01-23 10:02:00,1971-09-26,female,active,granted,5f213a58-b179-42d7-9c05-e29474526e82,5f213a58-b179-42d7-9c05-e29474526e82,b302ab11-03e4-4bae-be36-6ec2662f7fc9,2026-01-23 10:02:00,
acb8809a-aa43-402f-ae77-2ec42e893228,Rukayat Umar,51,2025-07-17 15:16:00,1974-01-27,female,migrated,granted,552564e7-84a4-4534-acfd-938092f72643,552564e7-84a4-4534-acfd-938092f72643,0035c5bf-742a-4ff6-9e23-941764d58bb9,2025-07-17 15:16:00,
2e84608e-e4f9-4ab3-abed-c1abf90db40e,Esther Lawal,57,2026-07-18 12:10:00,1969-03-25,female,active,granted,da845e7d-fedd-47ac-b12d-fb734b6449eb,da845e7d-fedd-47ac-b12d-fb734b6449eb,447e99c5-592b-43d3-805b-eb75f1251d2a,2026-07-18 12:10:00,
e2ff2609-ca76-4592-825a-371a551da2ef,Umar Chukwu,55,2025-07-16 08:04:00,1970-04-20,male,active,granted,552564e7-84a4-4534-acfd-938092f72643,552564e7-84a4-4534-acfd-938092f72643,19f2d2b9-737d-4029-8250-945229084df8,2025-07-16 08:04:00,
01657312-8bf4-4cc7-8f53-c6792975e758,Olamide Olawale,55,2026-02-03 09:15:00,1971-04-08,male,active,granted,906096d6-f0f6-4da5-9c19-dc403afb4bb8,906096d6-f0f6-4da5-9c19-dc403afb4bb8,8cc3bb69-3add-47d5-9cd2-8cff31252948,2026-02-03 09:15:00,
c03a1c33-8887-4ace-ae15-f38502732f65,Mercy Balogun,62,2025-10-25 11:22:00,1963-09-23,female,active,granted,da845e7d-fedd-47ac-b12d-fb734b6449eb,da845e7d-fedd-47ac-b12d-fb734b6449eb,5e76f2ad-b087-4dc4-9d25-73e3e0503036,2025-10-25 11:22:00,
1a8ad177-d8dc-4f83-a934-a46291fb0613,Gbenga Bello,53,2025-09-03 13:38:00,1972-02-10,male,active,denied,552564e7-84a4-4534-acfd-938092f72643,552564e7-84a4-4534-acfd-938092f72643,f3161305-31e6-47c0-8597-e00f4ddec847,2025-09-03 13:38:00,
84cd67b3-29f4-448d-b1d1-35b5514cd7b9,Hadiza Nwosu,51,2025-11-23 09:10:00,1974-12-09,female,active,granted,552564e7-84a4-4534-acfd-938092f72643,552564e7-84a4-4534-acfd-938092f72643,448fb26c-4d06-4d9f-a11d-a2745fb4d4c6,2025-11-23 09:10:00,
bf635f97-5584-4f94-a13a-d6431a9c7cca,Babatunde Yusuf,70,2025-09-28 08:20:00,1955-12-16,male,active,granted,906096d6-f0f6-4da5-9c19-dc403afb4bb8,906096d6-f0f6-4da5-9c19-dc403afb4bb8,b0715258-4719-4ce5-8a85-03ccda2c376c,2025-09-28 08:20:00,
bc1e8227-bc39-4162-8c20-ea8c82a2a2d1,Moses Eze,52,2026-04-29 08:08:00,1974-04-27,male,active,granted,552564e7-84a4-4534-acfd-938092f72643,552564e7-84a4-4534-acfd-938092f72643,19f2d2b9-737d-4029-8250-945229084df8,2026-04-29 08:08:00,
a03070c4-77ad-4e97-8727-3abbd30ca42f,Grace Nwachukwu,77,2026-07-06 14:42:00,1949-11-09,female,active,denied,552564e7-84a4-4534-acfd-938092f72643,552564e7-84a4-4534-acfd-938092f72643,c762646d-3ec2-420a-956d-f1b73ea05187,2026-07-06 14:42:00,
b6b17bb1-5d9c-460f-80de-7bfcd2ce922c,Nkechi Mohammed,32,2025-11-14 08:28:00,1993-06-06,female,active,denied,552564e7-84a4-4534-acfd-938092f72643,552564e7-84a4-4534-acfd-938092f72643,f3161305-31e6-47c0-8597-e00f4ddec847,2025-11-14 08:28:00,
197031ba-dfca-4f61-af32-cb30dc877e7b,Bello Adebayo,72,2024-11-18 10:02:00,1952-01-13,male,active,granted,552564e7-84a4-4534-acfd-938092f72643,552564e7-84a4-4534-acfd-938092f72643,0035c5bf-742a-4ff6-9e23-941764d58bb9,2024-11-18 10:02:00,
d55278ed-fb1e-4a1b-9116-b5f628014a34,Mercy Oladipo,90,2025-11-17 11:15:00,1935-01-20,female,active,granted,ffe42279-f3bd-4683-a6a8-52c1bb9651f3,ffe42279-f3bd-4683-a6a8-52c1bb9651f3,353297dd-2e3c-46c0-a49c-7fd69ac2c389,2025-11-17 11:15:00,
89a55214-8cd2-48b2-a53a-dd6085378efd,Gbenga Garba,49,2026-03-30 15:58:00,1977-10-14,male,active,denied,552564e7-84a4-4534-acfd-938092f72643,552564e7-84a4-4534-acfd-938092f72643,0035c5bf-742a-4ff6-9e23-941764d58bb9,2026-03-30 15:58:00,
8c463ec7-74d0-401b-ab96-ea372d06410b,Gbenga Afolabi,44,2025-10-08 10:55:00,1981-04-18,male,active,granted,5f213a58-b179-42d7-9c05-e29474526e82,5f213a58-b179-42d7-9c05-e29474526e82,b302ab11-03e4-4bae-be36-6ec2662f7fc9,2025-10-08 10:55:00,
37aa0e55-28bf-4af7-9ace-d684de6b5f72,Lateef Nwosu,61,2026-03-26 11:49:00,1965-04-20,male,active,denied,552564e7-84a4-4534-acfd-938092f72643,552564e7-84a4-4534-acfd-938092f72643,213c0975-3815-4ea4-ba67-23c54c2546da,2026-03-26 11:49:00,
9c943843-aed1-4463-a2f7-ddeba6563799,Bisi Eze,83,2025-06-18 09:52:00,1942-10-17,female,active,granted,906096d6-f0f6-4da5-9c19-dc403afb4bb8,906096d6-f0f6-4da5-9c19-dc403afb4bb8,8cc3bb69-3add-47d5-9cd2-8cff31252948,2025-06-18 09:52:00,
7d05720a-d007-493d-9454-a82b980b73ce,Yetunde Ibrahim,54,2025-05-17 11:42:00,1971-11-12,female,active,denied,552564e7-84a4-4534-acfd-938092f72643,552564e7-84a4-4534-acfd-938092f72643,19f2d2b9-737d-4029-8250-945229084df8,2025-05-17 11:42:00,
54b6facf-ec4f-4b56-b199-1f4c49327b13,Patience Lawal,46,2026-02-17 12:58:00,1980-11-23,female,active,denied,da845e7d-fedd-47ac-b12d-fb734b6449eb,da845e7d-fedd-47ac-b12d-fb734b6449eb,e18956f3-25d3-4ad3-9e29-e476c974b1e2,2026-02-17 12:58:00,
a9955436-0e7b-49fa-abe3-d8f91805d028,Ngozi Oladipo,61,2025-09-10 12:46:00,1964-03-21,female,active,granted,ffe42279-f3bd-4683-a6a8-52c1bb9651f3,ffe42279-f3bd-4683-a6a8-52c1bb9651f3,4519b91f-242d-4e4d-ae0c-da1f0c701874,2025-09-10 12:46:00,
c41ca486-dbe2-41ee-a981-b4037d879f4a,Babatunde Obi,53,2024-11-15 10:54:00,1971-04-25,male,active,denied,552564e7-84a4-4534-acfd-938092f72643,552564e7-84a4-4534-acfd-938092f72643,448fb26c-4d06-4d9f-a11d-a2745fb4d4c6,2024-11-15 10:54:00,
6d63ab74-5d08-4680-a74c-bdc1b37dca76,Ikenna Danjuma,49,2026-05-01 11:28:00,1977-12-23,male,active,denied,5f213a58-b179-42d7-9c05-e29474526e82,5f213a58-b179-42d7-9c05-e29474526e82,406a76ac-2a9d-4982-b6f8-1efb7296c6c0,2026-05-01 11:28:00,
1ff53102-f524-4e53-93fb-49e584cb164b,Blessing Adebayo,51,2025-10-09 15:51:00,1974-10-21,female,active,denied,906096d6-f0f6-4da5-9c19-dc403afb4bb8,906096d6-f0f6-4da5-9c19-dc403afb4bb8,8cc3bb69-3add-47d5-9cd2-8cff31252948,2025-10-09 15:51:00,
00b17037-d400-4dff-9015-8b25f6f490f9,Chioma Danjuma,39,2026-07-12 13:12:00,1987-11-24,female,active,denied,906096d6-f0f6-4da5-9c19-dc403afb4bb8,906096d6-f0f6-4da5-9c19-dc403afb4bb8,b0715258-4719-4ce5-8a85-03ccda2c376c,2026-07-12 13:12:00,
f042c1c1-3dde-4647-bddc-aab05986d7b3,Sade Eze,46,2024-09-10 14:40:00,1978-12-05,female,active,denied,552564e7-84a4-4534-acfd-938092f72643,552564e7-84a4-4534-acfd-938092f72643,c762646d-3ec2-420a-956d-f1b73ea05187,2024-09-10 14:40:00,
fe05bf35-3b97-44c6-a7dd-757350f4d983,Lateef Ogunleye,51,2025-06-01 12:45:00,1974-05-27,male,active,granted,ffe42279-f3bd-4683-a6a8-52c1bb9651f3,ffe42279-f3bd-4683-a6a8-52c1bb9651f3,353297dd-2e3c-46c0-a49c-7fd69ac2c389,2025-06-01 12:45:00,
75bfba9d-4dc2-414d-bf30-01153edd908a,Adaeze Chukwu,58,2026-05-04 08:35:00,1968-02-20,female,active,denied,906096d6-f0f6-4da5-9c19-dc403afb4bb8,906096d6-f0f6-4da5-9c19-dc403afb4bb8,9bae34d8-d312-48ce-9bbf-17fa6222b3f6,2026-05-04 08:35:00,
d5aa1d60-d9c3-4956-b1b1-b8d9e7d7b5f5,Kelechi Okafor,46,2026-05-10 09:32:00,1980-12-19,male,active,denied,906096d6-f0f6-4da5-9c19-dc403afb4bb8,906096d6-f0f6-4da5-9c19-dc403afb4bb8,8cc3bb69-3add-47d5-9cd2-8cff31252948,2026-05-10 09:32:00,
b30d62fc-d861-41ab-b81c-8f5f8d624691,Nnamdi Obi,56,2025-09-06 12:05:00,1969-05-10,male,active,denied,ffe42279-f3bd-4683-a6a8-52c1bb9651f3,ffe42279-f3bd-4683-a6a8-52c1bb9651f3,246dee45-3351-44d3-8a3a-ca414c46c168,2025-09-06 12:05:00,
d09d09b0-c9ec-4723-9a60-c9ab8b291ea6,Hadiza Okafor,66,2025-05-23 14:19:00,1959-07-22,female,active,denied,ffe42279-f3bd-4683-a6a8-52c1bb9651f3,ffe42279-f3bd-4683-a6a8-52c1bb9651f3,353297dd-2e3c-46c0-a49c-7fd69ac2c389,2025-05-23 14:19:00,
6911cfaa-23dd-4278-b8f6-8a557e268f32,Musa Suleiman,60,2025-07-11 10:16:00,1965-03-04,male,active,granted,5f213a58-b179-42d7-9c05-e29474526e82,5f213a58-b179-42d7-9c05-e29474526e82,2db9a55b-d59a-4a30-a4c8-bf7ae0a1e014,2025-07-11 10:16:00,
d2543b90-a9c9-4cd4-8244-3ab6223536b5,Mercy Garba,46,2024-10-03 11:49:00,1978-05-24,female,active,granted,552564e7-84a4-4534-acfd-938092f72643,552564e7-84a4-4534-acfd-938092f72643,448fb26c-4d06-4d9f-a11d-a2745fb4d4c6,2024-10-03 11:49:00,
0b23d63c-cf0d-4a35-a0cc-c1877d57eafd,Nnamdi Umar,51,2025-10-18 10:45:00,1974-01-24,male,active,granted,552564e7-84a4-4534-acfd-938092f72643,552564e7-84a4-4534-acfd-938092f72643,213c0975-3815-4ea4-ba67-23c54c2546da,2025-10-18 10:45:00,
53c94caa-6c76-405d-b011-fdf88d4425ec,Olamide Obi,57,2026-06-02 12:22:00,1969-12-20,male,active,denied,da845e7d-fedd-47ac-b12d-fb734b6449eb,da845e7d-fedd-47ac-b12d-fb734b6449eb,447e99c5-592b-43d3-805b-eb75f1251d2a,2026-06-02 12:22:00,
1735900a-9b6b-4fce-a7f3-ad4fa5671acf,Peter Umar,60,2025-01-02 12:54:00,1965-10-13,male,active,denied,906096d6-f0f6-4da5-9c19-dc403afb4bb8,906096d6-f0f6-4da5-9c19-dc403afb4bb8,9bae34d8-d312-48ce-9bbf-17fa6222b3f6,2025-01-02 12:54:00,
169cd9ca-d881-45bc-a78e-c5c031b47fe6,Obinna Okonkwo,69,2024-10-12 13:56:00,1955-02-07,male,active,granted,906096d6-f0f6-4da5-9c19-dc403afb4bb8,906096d6-f0f6-4da5-9c19-dc403afb4bb8,b0715258-4719-4ce5-8a85-03ccda2c376c,2024-10-12 13:56:00,
d94b9bdf-7e65-4d84-9b13-235e8e86a0d7,Tunde Igwe,56,2024-12-01 10:11:00,1968-08-27,male,active,granted,ffe42279-f3bd-4683-a6a8-52c1bb9651f3,ffe42279-f3bd-4683-a6a8-52c1bb9651f3,353297dd-2e3c-46c0-a49c-7fd69ac2c389,2024-12-01 10:11:00,
d2acf484-385b-444c-9ff1-9bd6235e876c,Hadiza Adeyemi,37,2025-08-17 11:43:00,1988-05-02,female,active,denied,5f213a58-b179-42d7-9c05-e29474526e82,5f213a58-b179-42d7-9c05-e29474526e82,8e0d0bd7-32bc-44e0-8bb3-7f4f4b13cf78,2025-08-17 11:43:00,
10bfb3f5-36f7-444f-b7ab-a6c25971282b,Segun Obi,57,2025-09-14 10:42:00,1968-02-13,male,active,granted,5f213a58-b179-42d7-9c05-e29474526e82,5f213a58-b179-42d7-9c05-e29474526e82,406a76ac-2a9d-4982-b6f8-1efb7296c6c0,2025-09-14 10:42:00,
29ea352a-4a1e-4376-afb8-972e8fdecc76,Titilayo Nwachukwu,36,2025-05-16 13:16:00,1989-04-12,female,active,granted,5f213a58-b179-42d7-9c05-e29474526e82,5f213a58-b179-42d7-9c05-e29474526e82,8e0d0bd7-32bc-44e0-8bb3-7f4f4b13cf78,2025-05-16 13:16:00,
84205bf5-8a7d-4ac6-ab4e-963cd366dabc,Peter Olawale,54,2026-06-29 15:09:00,1972-02-07,male,active,granted,5f213a58-b179-42d7-9c05-e29474526e82,5f213a58-b179-42d7-9c05-e29474526e82,b302ab11-03e4-4bae-be36-6ec2662f7fc9,2026-06-29 15:09:00,
2a3950cf-9c04-4c94-a5e8-ee8e4a41769b,Sani Olawale,48,2026-06-28 08:26:00,1978-04-16,male,active,granted,5f213a58-b179-42d7-9c05-e29474526e82,5f213a58-b179-42d7-9c05-e29474526e82,b302ab11-03e4-4bae-be36-6ec2662f7fc9,2026-06-28 08:26:00,
097e2669-1214-47f4-a4b7-367068ebcb9f,Obinna Oladipo,35,2026-02-19 13:26:00,1991-07-06,male,active,denied,5f213a58-b179-42d7-9c05-e29474526e82,5f213a58-b179-42d7-9c05-e29474526e82,b302ab11-03e4-4bae-be36-6ec2662f7fc9,2026-02-19 13:26:00,
07888b0c-585a-49bb-82e3-e4a98a3465c0,Khadija Yusuf,47,2024-09-07 15:07:00,1977-05-12,female,migrated,granted,552564e7-84a4-4534-acfd-938092f72643,552564e7-84a4-4534-acfd-938092f72643,19f2d2b9-737d-4029-8250-945229084df8,2024-09-07 15:07:00,
1f3d92df-bd4c-455b-ae16-1c2bbf143724,Gbenga Nwosu,36,2025-06-18 11:48:00,1989-05-24,male,active,granted,5f213a58-b179-42d7-9c05-e29474526e82,5f213a58-b179-42d7-9c05-e29474526e82,406a76ac-2a9d-4982-b6f8-1efb7296c6c0,2025-06-18 11:48:00,
eedd09c9-d902-4a33-a350-94fd6ed36f43,Adaeze Yusuf,37,2025-01-26 09:46:00,1988-08-02,female,active,granted,ffe42279-f3bd-4683-a6a8-52c1bb9651f3,ffe42279-f3bd-4683-a6a8-52c1bb9651f3,4519b91f-242d-4e4d-ae0c-da1f0c701874,2025-01-26 09:46:00,
32c5aeac-6fcc-4edc-95ce-1a140b1a29d0,Adaeze Danjuma,61,2024-09-09 10:29:00,1963-03-27,female,active,granted,da845e7d-fedd-47ac-b12d-fb734b6449eb,da845e7d-fedd-47ac-b12d-fb734b6449eb,5e76f2ad-b087-4dc4-9d25-73e3e0503036,2024-09-09 10:29:00,
c045e5f5-45c9-4de2-bb3e-e849493b1aac,Abubakar Adeyemi,73,2024-11-17 14:44:00,1951-08-15,male,active,granted,906096d6-f0f6-4da5-9c19-dc403afb4bb8,906096d6-f0f6-4da5-9c19-dc403afb4bb8,9bae34d8-d312-48ce-9bbf-17fa6222b3f6,2024-11-17 14:44:00,
5f72d095-3e4c-4e84-8a86-76dc02cbed12,Bisi Yusuf,32,2025-03-25 10:34:00,1993-10-23,female,active,granted,5f213a58-b179-42d7-9c05-e29474526e82,5f213a58-b179-42d7-9c05-e29474526e82,8e0d0bd7-32bc-44e0-8bb3-7f4f4b13cf78,2025-03-25 10:34:00,
962776f3-0dee-457a-bfcc-5b416669541a,Abubakar Uche,51,2026-06-29 10:44:00,1975-02-22,male,active,granted,906096d6-f0f6-4da5-9c19-dc403afb4bb8,906096d6-f0f6-4da5-9c19-dc403afb4bb8,b0715258-4719-4ce5-8a85-03ccda2c376c,2026-06-29 10:44:00,
984bfce1-442f-4ebf-8b83-f13ee16dcc72,Kemi Okafor,50,2024-12-14 14:28:00,1974-05-21,female,active,granted,ffe42279-f3bd-4683-a6a8-52c1bb9651f3,ffe42279-f3bd-4683-a6a8-52c1bb9651f3,353297dd-2e3c-46c0-a49c-7fd69ac2c389,2024-12-14 14:28:00,
0f658961-6275-4a34-bd90-7e758f369210,Umar Danjuma,33,2026-03-31 11:02:00,1993-09-06,male,active,granted,5f213a58-b179-42d7-9c05-e29474526e82,5f213a58-b179-42d7-9c05-e29474526e82,8e0d0bd7-32bc-44e0-8bb3-7f4f4b13cf78,2026-03-31 11:02:00,
61a96335-da59-40a5-aee8-a643dc5fbf24,Maryam Ibrahim,48,2025-05-17 15:22:00,1977-07-21,female,active,denied,552564e7-84a4-4534-acfd-938092f72643,552564e7-84a4-4534-acfd-938092f72643,c762646d-3ec2-420a-956d-f1b73ea05187,2025-05-17 15:22:00,
8b793d39-ae70-418d-89a5-2f02decae029,Fatima Ibrahim,52,2026-01-30 12:41:00,1974-02-17,female,active,granted,906096d6-f0f6-4da5-9c19-dc403afb4bb8,906096d6-f0f6-4da5-9c19-dc403afb4bb8,9bae34d8-d312-48ce-9bbf-17fa6222b3f6,2026-01-30 12:41:00,
38e426f9-49e6-43aa-b097-5128012ba62d,Amina Garba,43,2025-01-19 13:13:00,1982-07-01,female,migrated,granted,552564e7-84a4-4534-acfd-938092f72643,552564e7-84a4-4534-acfd-938092f72643,448fb26c-4d06-4d9f-a11d-a2745fb4d4c6,2025-01-19 13:13:00,
3d2cfb51-a2ab-4517-8a0c-2b24ce043e86,Ahmed Eze,48,2026-07-18 12:48:00,1978-02-05,male,active,granted,552564e7-84a4-4534-acfd-938092f72643,552564e7-84a4-4534-acfd-938092f72643,c762646d-3ec2-420a-956d-f1b73ea05187,2026-07-18 12:48:00,
aa284adf-058c-433d-8709-fceb3d3a59df,Temitope Nwosu,54,2025-12-11 13:09:00,1971-05-13,female,active,denied,552564e7-84a4-4534-acfd-938092f72643,552564e7-84a4-4534-acfd-938092f72643,f3161305-31e6-47c0-8597-e00f4ddec847,2025-12-11 13:09:00,
c57c566a-8d6c-4e24-8164-e7cee334a183,Chinedu Okonkwo,67,2025-07-13 12:48:00,1958-01-07,male,active,denied,906096d6-f0f6-4da5-9c19-dc403afb4bb8,906096d6-f0f6-4da5-9c19-dc403afb4bb8,9bae34d8-d312-48ce-9bbf-17fa6222b3f6,2025-07-13 12:48:00,
df258bc8-0fb4-4ba1-b4fd-0598b3cba6d1,Adaeze Akinyemi,72,2026-05-27 14:17:00,1954-08-25,female,active,denied,5f213a58-b179-42d7-9c05-e29474526e82,5f213a58-b179-42d7-9c05-e29474526e82,2db9a55b-d59a-4a30-a4c8-bf7ae0a1e014,2026-05-27 14:17:00,
eb2cd807-9074-43f9-889d-1890d1ccf593,Kemi Balogun,50,2026-04-09 14:13:00,1976-07-20,female,active,granted,ffe42279-f3bd-4683-a6a8-52c1bb9651f3,ffe42279-f3bd-4683-a6a8-52c1bb9651f3,353297dd-2e3c-46c0-a49c-7fd69ac2c389,2026-04-09 14:13:00,
d4683117-005b-49dc-956f-ea4435a0574c,Nnamdi Olawale,51,2025-11-07 12:49:00,1974-02-08,male,active,granted,552564e7-84a4-4534-acfd-938092f72643,552564e7-84a4-4534-acfd-938092f72643,f3161305-31e6-47c0-8597-e00f4ddec847,2025-11-07 12:49:00,
8354aad5-e1c3-413c-98c6-85a6d7a9b4cc,Yusuf Ibrahim,55,2026-03-19 10:32:00,1971-11-27,male,active,denied,ffe42279-f3bd-4683-a6a8-52c1bb9651f3,ffe42279-f3bd-4683-a6a8-52c1bb9651f3,353297dd-2e3c-46c0-a49c-7fd69ac2c389,2026-03-19 10:32:00,
d97c0704-4a90-44b9-a01a-63d9776d5830,Blessing Ogunleye,50,2025-01-28 09:01:00,1975-01-09,female,active,denied,5f213a58-b179-42d7-9c05-e29474526e82,5f213a58-b179-42d7-9c05-e29474526e82,8e0d0bd7-32bc-44e0-8bb3-7f4f4b13cf78,2025-01-28 09:01:00,
d3ee20fb-16ed-4484-9a14-3b2b96393502,Ahmed Afolabi,50,2026-01-31 11:24:00,1976-09-21,male,active,granted,552564e7-84a4-4534-acfd-938092f72643,552564e7-84a4-4534-acfd-938092f72643,f3161305-31e6-47c0-8597-e00f4ddec847,2026-01-31 11:24:00,
33b5ba30-7ed9-4242-8a3b-803dbe13a98d,Musa Nwachukwu,74,2025-08-18 12:36:00,1951-08-22,male,active,granted,5f213a58-b179-42d7-9c05-e29474526e82,5f213a58-b179-42d7-9c05-e29474526e82,b302ab11-03e4-4bae-be36-6ec2662f7fc9,2025-08-18 12:36:00,
6eab271d-0b68-4d89-aa74-3ef5f1fc6099,Adewale Afolabi,65,2025-04-02 13:23:00,1960-05-10,male,active,granted,5f213a58-b179-42d7-9c05-e29474526e82,5f213a58-b179-42d7-9c05-e29474526e82,406a76ac-2a9d-4982-b6f8-1efb7296c6c0,2025-04-02 13:23:00,
ee292f2c-af5c-475b-b92d-814a586e8b7c,Ngozi Okeke,49,2026-07-20 12:06:00,1977-04-17,female,active,denied,ffe42279-f3bd-4683-a6a8-52c1bb9651f3,ffe42279-f3bd-4683-a6a8-52c1bb9651f3,cd18ec08-f6a4-4724-926f-acd2aeb0daf2,2026-07-20 12:06:00,
31b8cac3-12f2-4a7a-add1-49070d2a5a3a,Emeka Afolabi,53,2025-04-11 09:30:00,1972-12-11,male,active,denied,da845e7d-fedd-47ac-b12d-fb734b6449eb,da845e7d-fedd-47ac-b12d-fb734b6449eb,5e76f2ad-b087-4dc4-9d25-73e3e0503036,2025-04-11 09:30:00,
fa2f1bd2-3366-4667-a05f-7ced48c4c588,Femi Eze,50,2025-05-18 14:42:00,1975-12-07,male,active,denied,ffe42279-f3bd-4683-a6a8-52c1bb9651f3,ffe42279-f3bd-4683-a6a8-52c1bb9651f3,4519b91f-242d-4e4d-ae0c-da1f0c701874,2025-05-18 14:42:00,
14b03848-e362-4931-be7f-5c99ad1acf51,Zainab Nwosu,31,2025-06-08 11:08:00,1994-02-12,female,active,granted,906096d6-f0f6-4da5-9c19-dc403afb4bb8,906096d6-f0f6-4da5-9c19-dc403afb4bb8,b0715258-4719-4ce5-8a85-03ccda2c376c,2025-06-08 11:08:00,
ff3db565-8190-4ee3-b865-0cddf9ba8c8e,Ibrahim Igwe,47,2025-10-10 14:20:00,1978-01-19,male,active,granted,ffe42279-f3bd-4683-a6a8-52c1bb9651f3,ffe42279-f3bd-4683-a6a8-52c1bb9651f3,4519b91f-242d-4e4d-ae0c-da1f0c701874,2025-10-10 14:20:00,
718fe957-85f7-479f-a27d-32447ddaa748,Kelechi Ibrahim,42,2025-03-31 13:32:00,1983-06-17,male,active,granted,906096d6-f0f6-4da5-9c19-dc403afb4bb8,906096d6-f0f6-4da5-9c19-dc403afb4bb8,9bae34d8-d312-48ce-9bbf-17fa6222b3f6,2025-03-31 13:32:00,
a7344a0e-5832-441d-991c-6f3377ac69bd,Esther Lawal,64,2024-09-12 08:57:00,1960-03-06,female,active,granted,ffe42279-f3bd-4683-a6a8-52c1bb9651f3,ffe42279-f3bd-4683-a6a8-52c1bb9651f3,246dee45-3351-44d3-8a3a-ca414c46c168,2024-09-12 08:57:00,
bcb1dfb3-952a-4c04-9830-b380e7c401fb,Maryam Ogunleye,44,2025-05-27 13:17:00,1981-12-22,female,active,granted,906096d6-f0f6-4da5-9c19-dc403afb4bb8,906096d6-f0f6-4da5-9c19-dc403afb4bb8,8cc3bb69-3add-47d5-9cd2-8cff31252948,2025-05-27 13:17:00,
e7ca10e7-94f7-48c0-b661-63eb1b4c232d,Adewale Nwosu,38,2025-12-27 15:33:00,1987-06-15,male,active,granted,ffe42279-f3bd-4683-a6a8-52c1bb9651f3,ffe42279-f3bd-4683-a6a8-52c1bb9651f3,cd18ec08-f6a4-4724-926f-acd2aeb0daf2,2025-12-27 15:33:00,
dc18f7f9-8d88-4e04-8bce-c9c70c0b4a06,Grace Suleiman,46,2026-05-16 13:59:00,1980-07-27,female,active,denied,906096d6-f0f6-4da5-9c19-dc403afb4bb8,906096d6-f0f6-4da5-9c19-dc403afb4bb8,8cc3bb69-3add-47d5-9cd2-8cff31252948,2026-05-16 13:59:00,
b456e4e4-5085-452e-8ec4-03e8c5d16f29,Gbenga Olawale,58,2025-04-26 08:55:00,1967-03-04,male,active,denied,da845e7d-fedd-47ac-b12d-fb734b6449eb,da845e7d-fedd-47ac-b12d-fb734b6449eb,5e76f2ad-b087-4dc4-9d25-73e3e0503036,2025-04-26 08:55:00,
d946cd20-bb4e-4a2a-b5e3-d24231a2b760,Tunde Obi,60,2024-09-05 11:48:00,1964-09-07,male,migrated,denied,552564e7-84a4-4534-acfd-938092f72643,552564e7-84a4-4534-acfd-938092f72643,f3161305-31e6-47c0-8597-e00f4ddec847,2024-09-05 11:48:00,
ae31e651-a450-432c-9d20-3aaea8a21ead,Hadiza Adeyemi,50,2025-11-28 13:32:00,1975-01-10,female,active,granted,906096d6-f0f6-4da5-9c19-dc403afb4bb8,906096d6-f0f6-4da5-9c19-dc403afb4bb8,8cc3bb69-3add-47d5-9cd2-8cff31252948,2025-11-28 13:32:00,
3e8eb9cb-a10a-4144-814e-69b1c101ae99,Folake Lawal,61,2025-06-26 15:51:00,1964-04-05,female,active,granted,552564e7-84a4-4534-acfd-938092f72643,552564e7-84a4-4534-acfd-938092f72643,0035c5bf-742a-4ff6-9e23-941764d58bb9,2025-06-26 15:51:00,
7ec85339-0e33-4d5a-a098-df1c83ac7a00,Usman Obi,69,2024-10-23 11:54:00,1955-07-19,male,active,granted,da845e7d-fedd-47ac-b12d-fb734b6449eb,da845e7d-fedd-47ac-b12d-fb734b6449eb,447e99c5-592b-43d3-805b-eb75f1251d2a,2024-10-23 11:54:00,
fac769b3-c0ba-4c42-8d89-62d75c293d78,Ruth Balogun,56,2025-09-08 14:18:00,1969-10-20,female,active,granted,5f213a58-b179-42d7-9c05-e29474526e82,5f213a58-b179-42d7-9c05-e29474526e82,b302ab11-03e4-4bae-be36-6ec2662f7fc9,2025-09-08 14:18:00,
3b7897b7-f9e1-482a-96ad-0e729d644d2e,Moses Ibrahim,51,2025-01-14 08:20:00,1974-08-25,male,active,granted,552564e7-84a4-4534-acfd-938092f72643,552564e7-84a4-4534-acfd-938092f72643,f3161305-31e6-47c0-8597-e00f4ddec847,2025-01-14 08:20:00,
b9cb3aba-e6d8-4177-abdf-efbfbdd1fcc4,Rotimi Akinyemi,37,2024-12-26 13:59:00,1987-10-06,male,active,denied,552564e7-84a4-4534-acfd-938092f72643,552564e7-84a4-4534-acfd-938092f72643,213c0975-3815-4ea4-ba67-23c54c2546da,2024-12-26 13:59:00,
428971ff-8629-40e8-bbc2-90dbb7307ea5,Patience Ibrahim,55,2025-01-28 09:59:00,1970-04-05,female,active,granted,ffe42279-f3bd-4683-a6a8-52c1bb9651f3,ffe42279-f3bd-4683-a6a8-52c1bb9651f3,353297dd-2e3c-46c0-a49c-7fd69ac2c389,2025-01-28 09:59:00,
48eda7ae-f6b6-4ab1-9060-c46dea47ecef,Chukwudi Suleiman,43,2024-12-15 12:16:00,1981-11-09,male,active,granted,5f213a58-b179-42d7-9c05-e29474526e82,5f213a58-b179-42d7-9c05-e29474526e82,2db9a55b-d59a-4a30-a4c8-bf7ae0a1e014,2024-12-15 12:16:00,
6ed169a9-9787-4fbe-a8c2-bb77ab0a51db,Rukayat Oladipo,52,2025-02-26 11:25:00,1973-04-03,female,active,denied,5f213a58-b179-42d7-9c05-e29474526e82,5f213a58-b179-42d7-9c05-e29474526e82,8e0d0bd7-32bc-44e0-8bb3-7f4f4b13cf78,2025-02-26 11:25:00,
4ef70b1d-9b57-4ef4-8c07-e497ac7b9ac3,Sani Bello,51,2024-11-11 11:14:00,1973-02-03,male,active,denied,5f213a58-b179-42d7-9c05-e29474526e82,5f213a58-b179-42d7-9c05-e29474526e82,b302ab11-03e4-4bae-be36-6ec2662f7fc9,2024-11-11 11:14:00,
400a8f51-bb04-44e9-bfa1-5b585443ec62,Folake Balogun,57,2026-08-09 13:08:00,1969-01-10,female,active,granted,ffe42279-f3bd-4683-a6a8-52c1bb9651f3,ffe42279-f3bd-4683-a6a8-52c1bb9651f3,4519b91f-242d-4e4d-ae0c-da1f0c701874,2026-08-09 13:08:00,
908c41ec-4f2e-43cc-805b-2e04860a4a59,Oluwaseun Adebayo,47,2025-08-12 13:44:00,1978-05-22,female,active,denied,552564e7-84a4-4534-acfd-938092f72643,552564e7-84a4-4534-acfd-938092f72643,0035c5bf-742a-4ff6-9e23-941764d58bb9,2025-08-12 13:44:00,
b8225637-e40f-4b86-874e-49f8382a70fa,Oluwaseun Lawal,85,2026-02-01 11:58:00,1941-08-20,female,active,denied,5f213a58-b179-42d7-9c05-e29474526e82,5f213a58-b179-42d7-9c05-e29474526e82,406a76ac-2a9d-4982-b6f8-1efb7296c6c0,2026-02-01 11:58:00,
2de4eae0-1b62-4b0a-aaa8-bca128159b03,Lateef Lawal,37,2024-10-27 15:08:00,1987-10-04,male,active,denied,da845e7d-fedd-47ac-b12d-fb734b6449eb,da845e7d-fedd-47ac-b12d-fb734b6449eb,5e76f2ad-b087-4dc4-9d25-73e3e0503036,2024-10-27 15:08:00,
5187bd10-c004-46af-b5bd-d23cfc87a8f7,Esther Nwosu,86,2025-07-04 09:40:00,1939-12-13,female,active,granted,5f213a58-b179-42d7-9c05-e29474526e82,5f213a58-b179-42d7-9c05-e29474526e82,b302ab11-03e4-4bae-be36-6ec2662f7fc9,2025-07-04 09:40:00,
389a76bd-bf97-4432-b03c-d8a4cd733b74,Yusuf Salami,76,2025-11-17 09:59:00,1949-11-04,male,active,granted,5f213a58-b179-42d7-9c05-e29474526e82,5f213a58-b179-42d7-9c05-e29474526e82,406a76ac-2a9d-4982-b6f8-1efb7296c6c0,2025-11-17 09:59:00,
0f257fa1-1df6-4807-8a73-612f6b251ce9,Oluwaseun Yakubu,46,2024-12-27 12:36:00,1978-12-14,female,active,granted,5f213a58-b179-42d7-9c05-e29474526e82,5f213a58-b179-42d7-9c05-e29474526e82,2db9a55b-d59a-4a30-a4c8-bf7ae0a1e014,2024-12-27 12:36:00,
93698b2e-2807-4a04-adf2-02e2423bff67,Umar Chukwu,55,2024-09-30 11:46:00,1969-07-06,male,active,granted,5f213a58-b179-42d7-9c05-e29474526e82,5f213a58-b179-42d7-9c05-e29474526e82,8e0d0bd7-32bc-44e0-8bb3-7f4f4b13cf78,2024-09-30 11:46:00,
cd678fbd-e6cd-4019-a6f1-abe9ba5e2d1a,Ngozi Salami,50,2026-05-12 11:14:00,1976-11-22,female,active,granted,da845e7d-fedd-47ac-b12d-fb734b6449eb,da845e7d-fedd-47ac-b12d-fb734b6449eb,5e76f2ad-b087-4dc4-9d25-73e3e0503036,2026-05-12 11:14:00,
4758f904-0592-419e-9bbf-4fe8494d3740,Peter Mohammed,53,2026-04-17 11:55:00,1973-10-09,male,active,granted,da845e7d-fedd-47ac-b12d-fb734b6449eb,da845e7d-fedd-47ac-b12d-fb734b6449eb,447e99c5-592b-43d3-805b-eb75f1251d2a,2026-04-17 11:55:00,
332a1cc3-4d85-4187-9ff8-5f1eade860a3,Folake Akinyemi,65,2024-11-28 12:18:00,1959-03-16,female,active,granted,552564e7-84a4-4534-acfd-938092f72643,552564e7-84a4-4534-acfd-938092f72643,448fb26c-4d06-4d9f-a11d-a2745fb4d4c6,2024-11-28 12:18:00,
7af21e3c-9f72-4836-a5ff-2ed2ab4adc91,Patience Ibrahim,72,2025-02-14 08:48:00,1953-06-17,female,active,granted,5f213a58-b179-42d7-9c05-e29474526e82,5f213a58-b179-42d7-9c05-e29474526e82,b302ab11-03e4-4bae-be36-6ec2662f7fc9,2025-02-14 08:48:00,
c91ecc9c-f176-4f5c-90f9-561c5bc76492,Ifeoma Balogun,74,2025-04-10 12:35:00,1951-10-13,female,active,granted,906096d6-f0f6-4da5-9c19-dc403afb4bb8,906096d6-f0f6-4da5-9c19-dc403afb4bb8,8cc3bb69-3add-47d5-9cd2-8cff31252948,2025-04-10 12:35:00,
52fb208f-9236-4abc-a5af-86e1791db2ca,Halima Nwosu,35,2024-12-11 11:30:00,1989-02-03,female,active,denied,552564e7-84a4-4534-acfd-938092f72643,552564e7-84a4-4534-acfd-938092f72643,f3161305-31e6-47c0-8597-e00f4ddec847,2024-12-11 11:30:00,
8ce72098-cf82-4b5c-b4bb-593ec7d595b0,Abubakar Akinyemi,51,2025-07-27 14:00:00,1974-05-22,male,active,denied,552564e7-84a4-4534-acfd-938092f72643,552564e7-84a4-4534-acfd-938092f72643,213c0975-3815-4ea4-ba67-23c54c2546da,2025-07-27 14:00:00,
402f1ace-72bc-4d75-8f25-45a5b200b9e5,Ibrahim Nwosu,43,2026-03-03 13:50:00,1983-03-06,male,active,denied,da845e7d-fedd-47ac-b12d-fb734b6449eb,da845e7d-fedd-47ac-b12d-fb734b6449eb,447e99c5-592b-43d3-805b-eb75f1251d2a,2026-03-03 13:50:00,
1498780b-ebd0-472f-a20f-17e28419eeef,Chukwudi Ibrahim,55,2026-08-01 15:53:00,1971-05-18,male,active,denied,da845e7d-fedd-47ac-b12d-fb734b6449eb,da845e7d-fedd-47ac-b12d-fb734b6449eb,5e76f2ad-b087-4dc4-9d25-73e3e0503036,2026-08-01 15:53:00,
a6594ef3-b2de-43a1-880d-736c0f8e74a6,Musa Uche,53,2024-10-23 11:22:00,1971-06-15,male,active,denied,906096d6-f0f6-4da5-9c19-dc403afb4bb8,906096d6-f0f6-4da5-9c19-dc403afb4bb8,b0715258-4719-4ce5-8a85-03ccda2c376c,2024-10-23 11:22:00,
a8621829-391c-4ecc-aa5a-36dc877cb654,Ifeoma Danjuma,36,2026-03-23 09:27:00,1990-12-04,female,active,granted,ffe42279-f3bd-4683-a6a8-52c1bb9651f3,ffe42279-f3bd-4683-a6a8-52c1bb9651f3,4519b91f-242d-4e4d-ae0c-da1f0c701874,2026-03-23 09:27:00,
573b4735-c6a0-45d9-adbd-aa2e7af0cf84,Temitope Mohammed,65,2025-01-10 15:42:00,1960-01-23,female,active,granted,552564e7-84a4-4534-acfd-938092f72643,552564e7-84a4-4534-acfd-938092f72643,0035c5bf-742a-4ff6-9e23-941764d58bb9,2025-01-10 15:42:00,
78840e34-8bc7-4855-a250-54dbfc04c791,Kelechi Nwosu,59,2025-06-01 10:25:00,1966-07-05,male,active,granted,906096d6-f0f6-4da5-9c19-dc403afb4bb8,906096d6-f0f6-4da5-9c19-dc403afb4bb8,8cc3bb69-3add-47d5-9cd2-8cff31252948,2025-06-01 10:25:00,
e5985ab6-c2fc-4c54-b53e-8555d7b8b868,Chioma Garba,41,2024-10-25 11:18:00,1983-12-12,female,active,denied,ffe42279-f3bd-4683-a6a8-52c1bb9651f3,ffe42279-f3bd-4683-a6a8-52c1bb9651f3,4519b91f-242d-4e4d-ae0c-da1f0c701874,2024-10-25 11:18:00,
21217237-13aa-47ac-a886-38bf8678b2c4,Funmi Adebayo,49,2026-08-22 13:52:00,1977-07-07,female,active,granted,552564e7-84a4-4534-acfd-938092f72643,552564e7-84a4-4534-acfd-938092f72643,c762646d-3ec2-420a-956d-f1b73ea05187,2026-08-22 13:52:00,
c38e4ca4-0868-4e0c-83d1-9396a5c9dd1a,Yusuf Mohammed,60,2026-05-28 13:44:00,1966-09-27,male,active,denied,da845e7d-fedd-47ac-b12d-fb734b6449eb,da845e7d-fedd-47ac-b12d-fb734b6449eb,447e99c5-592b-43d3-805b-eb75f1251d2a,2026-05-28 13:44:00,
31dac15c-8e3b-4176-bc52-77172f1f0a8a,Blessing Salami,36,2025-09-03 08:10:00,1989-04-15,female,active,granted,552564e7-84a4-4534-acfd-938092f72643,552564e7-84a4-4534-acfd-938092f72643,f3161305-31e6-47c0-8597-e00f4ddec847,2025-09-03 08:10:00,
7b4613dd-395a-457a-b30d-f87e1d5e7c62,Grace Eze,54,2025-02-26 10:04:00,1971-10-21,female,active,denied,906096d6-f0f6-4da5-9c19-dc403afb4bb8,906096d6-f0f6-4da5-9c19-dc403afb4bb8,b0715258-4719-4ce5-8a85-03ccda2c376c,2025-02-26 10:04:00,
a335dc52-28ac-40d4-8fa9-ec161ee121ee,Yetunde Umar,44,2025-12-31 09:38:00,1981-06-19,female,active,granted,552564e7-84a4-4534-acfd-938092f72643,552564e7-84a4-4534-acfd-938092f72643,f3161305-31e6-47c0-8597-e00f4ddec847,2025-12-31 09:38:00,
1e5e8eb7-4634-45aa-b6f4-85e8e46bf874,Emeka Uche,67,2025-02-11 10:27:00,1958-03-02,male,active,granted,ffe42279-f3bd-4683-a6a8-52c1bb9651f3,ffe42279-f3bd-4683-a6a8-52c1bb9651f3,246dee45-3351-44d3-8a3a-ca414c46c168,2025-02-11 10:27:00,
7008acb6-5e5e-4ba3-a2e3-05b3d37d1834,Sani Ogunleye,48,2026-06-15 15:07:00,1978-04-17,male,active,denied,ffe42279-f3bd-4683-a6a8-52c1bb9651f3,ffe42279-f3bd-4683-a6a8-52c1bb9651f3,246dee45-3351-44d3-8a3a-ca414c46c168,2026-06-15 15:07:00,
c41ed6d9-2ef8-4145-9a4b-4cb4be708c20,Chukwudi Danjuma,50,2024-10-22 09:14:00,1974-11-14,male,active,denied,5f213a58-b179-42d7-9c05-e29474526e82,5f213a58-b179-42d7-9c05-e29474526e82,2db9a55b-d59a-4a30-a4c8-bf7ae0a1e014,2024-10-22 09:14:00,
d3ecde19-b99c-4bac-9b46-fd839ff3c4d1,Kunle Lawal,64,2025-04-05 10:18:00,1961-10-09,male,active,granted,5f213a58-b179-42d7-9c05-e29474526e82,5f213a58-b179-42d7-9c05-e29474526e82,406a76ac-2a9d-4982-b6f8-1efb7296c6c0,2025-04-05 10:18:00,
527d222b-38da-414b-8a6c-1ed55750cab3,Amina Balogun,90,2025-02-18 08:21:00,1935-03-05,female,active,granted,552564e7-84a4-4534-acfd-938092f72643,552564e7-84a4-4534-acfd-938092f72643,448fb26c-4d06-4d9f-a11d-a2745fb4d4c6,2025-02-18 08:21:00,
757553a4-2731-4b0f-b3c8-a79e1d93e0c8,Nkechi Chukwu,61,2025-10-04 08:39:00,1964-12-23,female,active,granted,552564e7-84a4-4534-acfd-938092f72643,552564e7-84a4-4534-acfd-938092f72643,19f2d2b9-737d-4029-8250-945229084df8,2025-10-04 08:39:00,
252948c4-54fb-4845-80ba-4143bf002c23,Bello Garba,47,2025-08-23 09:05:00,1978-08-22,male,active,denied,552564e7-84a4-4534-acfd-938092f72643,552564e7-84a4-4534-acfd-938092f72643,213c0975-3815-4ea4-ba67-23c54c2546da,2025-08-23 09:05:00,
d93b1964-1bef-4d06-8d3d-10a88a385a7a,Ahmed Bello,52,2026-03-22 08:56:00,1974-03-06,male,active,granted,906096d6-f0f6-4da5-9c19-dc403afb4bb8,906096d6-f0f6-4da5-9c19-dc403afb4bb8,9bae34d8-d312-48ce-9bbf-17fa6222b3f6,2026-03-22 08:56:00,
db3ec6ae-50b4-452b-8976-327ef4f26430,Nkechi Nwachukwu,73,2024-09-24 15:47:00,1951-08-10,female,active,granted,906096d6-f0f6-4da5-9c19-dc403afb4bb8,906096d6-f0f6-4da5-9c19-dc403afb4bb8,9bae34d8-d312-48ce-9bbf-17fa6222b3f6,2024-09-24 15:47:00,
504efcf5-594b-45a1-b416-c32cad07070e,Folake Olawale,38,2025-02-23 10:09:00,1987-12-12,female,active,granted,552564e7-84a4-4534-acfd-938092f72643,552564e7-84a4-4534-acfd-938092f72643,f3161305-31e6-47c0-8597-e00f4ddec847,2025-02-23 10:09:00,
1a219fdc-3060-49b5-9f18-38d511b86dcc,Hadiza Uche,40,2026-02-19 11:09:00,1986-09-18,female,active,denied,552564e7-84a4-4534-acfd-938092f72643,552564e7-84a4-4534-acfd-938092f72643,0035c5bf-742a-4ff6-9e23-941764d58bb9,2026-02-19 11:09:00,
1c4d8ee7-0501-4f33-b817-e35437372adb,Kelechi Obi,54,2024-11-18 10:00:00,1970-02-26,male,active,granted,906096d6-f0f6-4da5-9c19-dc403afb4bb8,906096d6-f0f6-4da5-9c19-dc403afb4bb8,8cc3bb69-3add-47d5-9cd2-8cff31252948,2024-11-18 10:00:00,
b03e8d55-04c7-49f2-8ee7-8144313f93ab,Chioma Garba,47,2025-02-27 09:10:00,1978-09-06,female,active,denied,552564e7-84a4-4534-acfd-938092f72643,552564e7-84a4-4534-acfd-938092f72643,19f2d2b9-737d-4029-8250-945229084df8,2025-02-27 09:10:00,
f71bca8a-37f6-4e50-bf56-84f37e8312ec,Umar Onyeka,60,2025-09-10 14:05:00,1965-07-10,male,active,denied,906096d6-f0f6-4da5-9c19-dc403afb4bb8,906096d6-f0f6-4da5-9c19-dc403afb4bb8,9bae34d8-d312-48ce-9bbf-17fa6222b3f6,2025-09-10 14:05:00,
9fd72fab-1466-40a5-995e-7dc88af79d5a,Hadiza Onyeka,33,2026-01-21 10:59:00,1993-06-13,female,active,granted,5f213a58-b179-42d7-9c05-e29474526e82,5f213a58-b179-42d7-9c05-e29474526e82,8e0d0bd7-32bc-44e0-8bb3-7f4f4b13cf78,2026-01-21 10:59:00,
3405d2fe-ff55-4d4f-9728-08c2bddedb3e,Ngozi Obi,59,2026-03-06 08:44:00,1967-05-27,female,active,denied,5f213a58-b179-42d7-9c05-e29474526e82,5f213a58-b179-42d7-9c05-e29474526e82,406a76ac-2a9d-4982-b6f8-1efb7296c6c0,2026-03-06 08:44:00,
cd8f98a5-f16c-4436-9eda-3a2afc425239,Obinna Igwe,44,2026-08-19 12:08:00,1982-03-01,male,active,denied,552564e7-84a4-4534-acfd-938092f72643,552564e7-84a4-4534-acfd-938092f72643,19f2d2b9-737d-4029-8250-945229084df8,2026-08-19 12:08:00,
fc2e56b1-de8d-4ea3-989e-236f5b915bbb,Zainab Yakubu,68,2024-11-04 12:39:00,1956-10-04,female,active,denied,552564e7-84a4-4534-acfd-938092f72643,552564e7-84a4-4534-acfd-938092f72643,c762646d-3ec2-420a-956d-f1b73ea05187,2024-11-04 12:39:00,
3db4a4e3-33c5-4701-8477-b9033e984099,Abubakar Igwe,71,2025-09-11 08:48:00,1954-12-04,male,active,denied,906096d6-f0f6-4da5-9c19-dc403afb4bb8,906096d6-f0f6-4da5-9c19-dc403afb4bb8,9bae34d8-d312-48ce-9bbf-17fa6222b3f6,2025-09-11 08:48:00,
13031624-47e0-4519-95af-f0108a8a07eb,Ikenna Umar,33,2025-11-28 14:34:00,1992-02-16,male,active,granted,906096d6-f0f6-4da5-9c19-dc403afb4bb8,906096d6-f0f6-4da5-9c19-dc403afb4bb8,9bae34d8-d312-48ce-9bbf-17fa6222b3f6,2025-11-28 14:34:00,
914a9964-5711-4318-bdf5-e9cdab76763f,Umar Adeyemi,63,2025-09-29 11:11:00,1962-05-14,male,active,denied,906096d6-f0f6-4da5-9c19-dc403afb4bb8,906096d6-f0f6-4da5-9c19-dc403afb4bb8,9bae34d8-d312-48ce-9bbf-17fa6222b3f6,2025-09-29 11:11:00,
4e8533b0-8289-479a-ab0e-7e73d253122a,Kelechi Ogunleye,60,2025-08-08 10:59:00,1965-06-20,male,active,denied,ffe42279-f3bd-4683-a6a8-52c1bb9651f3,ffe42279-f3bd-4683-a6a8-52c1bb9651f3,246dee45-3351-44d3-8a3a-ca414c46c168,2025-08-08 10:59:00,
304665d1-af8d-4b1f-87db-c020ace1d71a,Babatunde Nwachukwu,59,2025-06-14 15:37:00,1966-03-07,male,active,denied,552564e7-84a4-4534-acfd-938092f72643,552564e7-84a4-4534-acfd-938092f72643,c762646d-3ec2-420a-956d-f1b73ea05187,2025-06-14 15:37:00,
40f77a3c-00b1-451c-8e18-9a42b9d7638c,Titilayo Adeyemi,34,2026-01-16 12:05:00,1992-10-24,female,active,granted,da845e7d-fedd-47ac-b12d-fb734b6449eb,da845e7d-fedd-47ac-b12d-fb734b6449eb,447e99c5-592b-43d3-805b-eb75f1251d2a,2026-01-16 12:05:00,
51dd2d45-6020-4f0e-b7a6-a039925f3405,Bisi Yusuf,73,2024-12-20 09:43:00,1951-11-19,female,migrated,granted,ffe42279-f3bd-4683-a6a8-52c1bb9651f3,ffe42279-f3bd-4683-a6a8-52c1bb9651f3,cd18ec08-f6a4-4724-926f-acd2aeb0daf2,2024-12-20 09:43:00,
764ffbc2-5171-4340-937d-4854eea8b0cf,Esther Oladipo,62,2025-09-25 10:51:00,1963-10-27,female,active,granted,552564e7-84a4-4534-acfd-938092f72643,552564e7-84a4-4534-acfd-938092f72643,c762646d-3ec2-420a-956d-f1b73ea05187,2025-09-25 10:51:00,
4a994b08-a94e-47db-9e8b-1d9ad1fab2d0,Moses Nwachukwu,66,2026-02-16 15:41:00,1960-01-12,male,migrated,denied,552564e7-84a4-4534-acfd-938092f72643,552564e7-84a4-4534-acfd-938092f72643,448fb26c-4d06-4d9f-a11d-a2745fb4d4c6,2026-02-16 15:41:00,
e7e74541-d4b4-4000-a6d2-dc6727622494,Abubakar Bello,47,2024-10-23 09:04:00,1977-12-11,male,active,denied,5f213a58-b179-42d7-9c05-e29474526e82,5f213a58-b179-42d7-9c05-e29474526e82,b302ab11-03e4-4bae-be36-6ec2662f7fc9,2024-10-23 09:04:00,
4fc4e62b-d989-40c0-9b3c-70aa1b6f477c,Nnamdi Okonkwo,51,2026-02-16 12:45:00,1975-01-16,male,active,denied,906096d6-f0f6-4da5-9c19-dc403afb4bb8,906096d6-f0f6-4da5-9c19-dc403afb4bb8,9bae34d8-d312-48ce-9bbf-17fa6222b3f6,2026-02-16 12:45:00,
