id,full_name,role,registration_facility_id,created_at
cd18ec08-f6a4-4724-926f-acd2aeb0daf2,Comfort Lawal,nurse,ffe42279-f3bd-4683-a6a8-52c1bb9651f3,2024-08-15 09:00:00
246dee45-3351-44d3-8a3a-ca414c46c168,Amina Adebayo,nurse,ffe42279-f3bd-4683-a6a8-52c1bb9651f3,2024-08-15 09:00:00
353297dd-2e3c-46c0-a49c-7fd69ac2c389,Kemi Onyeka,counselor,ffe42279-f3bd-4683-a6a8-52c1bb9651f3,2024-08-15 09:00:00
4519b91f-242d-4e4d-ae0c-da1f0c701874,Halima Lawal,medical_officer,ffe42279-f3bd-4683-a6a8-52c1bb9651f3,2024-08-15 09:00:00
f3161305-31e6-47c0-8597-e00f4ddec847,Bisi Yusuf,nurse,552564e7-84a4-4534-acfd-938092f72643,2024-08-15 09:00:00
0035c5bf-742a-4ff6-9e23-941764d58bb9,Esther Eze,nurse,552564e7-84a4-4534-acfd-938092f72643,2024-08-15 09:00:00
19f2d2b9-737d-4029-8250-945229084df8,Funmi Akinyemi,counselor,552564e7-84a4-4534-acfd-938092f72643,2024-08-15 09:00:00
448fb26c-4d06-4d9f-a11d-a2745fb4d4c6,Titilayo Umar,medical_officer,552564e7-84a4-4534-acfd-938092f72643,2024-08-15 09:00:00
c762646d-3ec2-420a-956d-f1b73ea05187,Halima Adeyemi,nurse,552564e7-84a4-4534-acfd-938092f72643,2024-08-15 09:00:00
213c0975-3815-4ea4-ba67-23c54c2546da,Yetunde Danjuma,nurse,552564e7-84a4-4534-acfd-938092f72643,2024-08-15 09:00:00
406a76ac-2a9d-4982-b6f8-1efb7296c6c0,Ngozi Salami,nurse,5f213a58-b179-42d7-9c05-e29474526e82,2024-08-15 09:00:00
b302ab11-03e4-4bae-be36-6ec2662f7fc9,Ngozi Salami,nurse,5f213a58-b179-42d7-9c05-e29474526e82,2024-08-15 09:00:00
2db9a55b-d59a-4a30-a4c8-bf7ae0a1e014,Chukwudi Suleiman,counselor,5f213a58-b179-42d7-9c05-e29474526e82,2024-08-15 09:00:00
8e0d0bd7-32bc-44e0-8bb3-7f4f4b13cf78,Esther Adebayo,medical_officer,5f213a58-b179-42d7-9c05-e29474526e82,2024-08-15 09:00:00
8cc3bb69-3add-47d5-9cd2-8cff31252948,Rukayat Okeke,nurse,906096d6-f0f6-4da5-9c19-dc403afb4bb8,2024-08-15 09:00:00
9bae34d8-d312-48ce-9bbf-17fa6222b3f6,Aisha Nwachukwu,nurse,906096d6-f0f6-4da5-9c19-dc403afb4bb8,2024-08-15 09:00:00
b0715258-4719-4ce5-8a85-03ccda2c376c,Comfort Adebayo,counselor,906096d6-f0f6-4da5-9c19-dc403afb4bb8,2024-08-15 09:00:00
e18956f3-25d3-4ad3-9e29-e476c974b1e2,Funmi Danjuma,nurse,da845e7d-fedd-47ac-b12d-fb734b6449eb,2024-08-15 09:00:00
5e76f2ad-b087-4dc4-9d25-73e3e0503036,Kunle Adeyemi,nurse,da845e7d-fedd-47ac-b12d-fb734b6449eb,2024-08-15 09:00:00
447e99c5-592b-43d3-805b-eb75f1251d2a,Temitope Garba,counselor,da845e7d-fedd-47ac-b12d-fb734b6449eb,2024-08-15 09:00:00
